NET-00001 | 0.0023 | -0.1404 | 0.0021 | COMPLIANT_CONVERGENCE_STEP | COMMIT_DERIVATIVE_WEIGHT_ADJUSTMENT | 200
NET-00002 | 0.3282 | -3.2171 | 5.2355 | GRADIENT_EXPLOSION_HAZARD | EXECUTE_DYNAMIC_GRADIENT_CLIP_RESCALING | 422
NET-00003 | -0.3566 | -0.3879 | 0.9943 | COMPLIANT_CONVERGENCE_STEP | COMMIT_DERIVATIVE_WEIGHT_ADJUSTMENT | 200
NET-00004 | 0.0568 | -1.3822 | 0.7999 | COMPLIANT_CONVERGENCE_STEP | COMMIT_DERIVATIVE_WEIGHT_ADJUSTMENT | 200
NET-00005 | -0.0016 | 1.3784 | 0.0284 | COMPLIANT_CONVERGENCE_STEP | COMMIT_DERIVATIVE_WEIGHT_ADJUSTMENT | 200
NET-00006 | -0.7399 | 2.2237 | 5.0366 | GRADIENT_EXPLOSION_HAZARD | EXECUTE_DYNAMIC_GRADIENT_CLIP_RESCALING | 422
NET-00007 | -0.2564 | 2.3497 | 3.5305 | COMPLIANT_CONVERGENCE_STEP | COMMIT_DERIVATIVE_WEIGHT_ADJUSTMENT | 200
NET-00008 | 0.1505 | -0.9859 | 2.2915 | COMPLIANT_CONVERGENCE_STEP | COMMIT_DERIVATIVE_WEIGHT_ADJUSTMENT | 200
NET-00009 | 0.0429 | -1.9156 | 1.6710 | COMPLIANT_CONVERGENCE_STEP | COMMIT_DERIVATIVE_WEIGHT_ADJUSTMENT | 200
NET-00010 | 0.2057 | -1.0983 | 0.9088 | COMPLIANT_CONVERGENCE_STEP | COMMIT_DERIVATIVE_WEIGHT_ADJUSTMENT | 200
NET-00011 | -0.0008 | 1.3929 | 0.0480 | COMPLIANT_CONVERGENCE_STEP | COMMIT_DERIVATIVE_WEIGHT_ADJUSTMENT | 200
NET-00012 | 0.4508 | -3.7266 | 7.9450 | GRADIENT_EXPLOSION_HAZARD | EXECUTE_DYNAMIC_GRADIENT_CLIP_RESCALING | 422
NET-00013 | -0.0874 | -0.6868 | 1.9091 | COMPLIANT_CONVERGENCE_STEP | COMMIT_DERIVATIVE_WEIGHT_ADJUSTMENT | 200
NET-00014 | 0.0004 | 0.5112 | 0.0125 | COMPLIANT_CONVERGENCE_STEP | COMMIT_DERIVATIVE_WEIGHT_ADJUSTMENT | 200
NET-00015 | -0.3861 | 1.7584 | 2.4783 | COMPLIANT_CONVERGENCE_STEP | COMMIT_DERIVATIVE_WEIGHT_ADJUSTMENT | 200
NET-00016 | -0.1779 | 1.3596 | 1.5135 | COMPLIANT_CONVERGENCE_STEP | COMMIT_DERIVATIVE_WEIGHT_ADJUSTMENT | 200
NET-00017 | -0.0016 | 0.7846 | 0.0102 | COMPLIANT_CONVERGENCE_STEP | COMMIT_DERIVATIVE_WEIGHT_ADJUSTMENT | 200
NET-00018 | -0.7108 | 0.4953 | 1.2405 | COMPLIANT_CONVERGENCE_STEP | COMMIT_DERIVATIVE_WEIGHT_ADJUSTMENT | 200
NET-00019 | 0.0080 | -0.9672 | 0.0289 | COMPLIANT_CONVERGENCE_STEP | COMMIT_DERIVATIVE_WEIGHT_ADJUSTMENT | 200
NET-00020 | -0.5929 | 1.2340 | 1.9693 | COMPLIANT_CONVERGENCE_STEP | COMMIT_DERIVATIVE_WEIGHT_ADJUSTMENT | 200
NET-00021 | -0.7028 | 0.0115 | 0.0333 | COMPLIANT_CONVERGENCE_STEP | COMMIT_DERIVATIVE_WEIGHT_ADJUSTMENT | 200
NET-00022 | -0.5964 | 1.7076 | 3.1854 | COMPLIANT_CONVERGENCE_STEP | COMMIT_DERIVATIVE_WEIGHT_ADJUSTMENT | 200
NET-00023 | -1.2975 | 1.2496 | 3.9963 | COMPLIANT_CONVERGENCE_STEP | COMMIT_DERIVATIVE_WEIGHT_ADJUSTMENT | 200
NET-00024 | 0.0074 | -0.6758 | 0.0200 | COMPLIANT_CONVERGENCE_STEP | COMMIT_DERIVATIVE_WEIGHT_ADJUSTMENT | 200
NET-00025 | 0.0008 | 0.1149 | 0.0006 | COMPLIANT_CONVERGENCE_STEP | COMMIT_DERIVATIVE_WEIGHT_ADJUSTMENT | 200
NET-00026 | 0.3212 | -2.1243 | 2.8987 | COMPLIANT_CONVERGENCE_STEP | COMMIT_DERIVATIVE_WEIGHT_ADJUSTMENT | 200
NET-00027 | -1.0590 | 1.5596 | 3.9630 | COMPLIANT_CONVERGENCE_STEP | COMMIT_DERIVATIVE_WEIGHT_ADJUSTMENT | 200
NET-00028 | -1.2628 | 0.0589 | 0.2035 | COMPLIANT_CONVERGENCE_STEP | COMMIT_DERIVATIVE_WEIGHT_ADJUSTMENT | 200
NET-00029 | 0.1178 | -1.0961 | 0.8228 | COMPLIANT_CONVERGENCE_STEP | COMMIT_DERIVATIVE_WEIGHT_ADJUSTMENT | 200
NET-00030 | -1.2274 | 1.8979 | 5.8076 | GRADIENT_EXPLOSION_HAZARD | EXECUTE_DYNAMIC_GRADIENT_CLIP_RESCALING | 422
NET-00031 | 0.1469 | -1.5537 | 1.4459 | COMPLIANT_CONVERGENCE_STEP | COMMIT_DERIVATIVE_WEIGHT_ADJUSTMENT | 200
NET-00032 | -0.8083 | 1.1947 | 2.4880 | COMPLIANT_CONVERGENCE_STEP | COMMIT_DERIVATIVE_WEIGHT_ADJUSTMENT | 200
NET-00033 | -0.7711 | 1.7642 | 4.2021 | COMPLIANT_CONVERGENCE_STEP | COMMIT_DERIVATIVE_WEIGHT_ADJUSTMENT | 200
NET-00034 | 0.1349 | -1.1192 | 4.3287 | COMPLIANT_CONVERGENCE_STEP | COMMIT_DERIVATIVE_WEIGHT_ADJUSTMENT | 200
NET-00035 | 0.6734 | -2.0012 | 4.5245 | GRADIENT_EXPLOSION_HAZARD | EXECUTE_DYNAMIC_GRADIENT_CLIP_RESCALING | 422
NET-00036 | 0.4765 | -1.7937 | 2.8660 | COMPLIANT_CONVERGENCE_STEP | COMMIT_DERIVATIVE_WEIGHT_ADJUSTMENT | 200
NET-00037 | 0.0034 | 0.0943 | 0.0026 | COMPLIANT_CONVERGENCE_STEP | COMMIT_DERIVATIVE_WEIGHT_ADJUSTMENT | 200
NET-00038 | -0.0060 | 1.4799 | 0.0498 | COMPLIANT_CONVERGENCE_STEP | COMMIT_DERIVATIVE_WEIGHT_ADJUSTMENT | 200
NET-00039 | 0.3170 | -1.7387 | 2.2670 | COMPLIANT_CONVERGENCE_STEP | COMMIT_DERIVATIVE_WEIGHT_ADJUSTMENT | 200
NET-00040 | 0.0049 | -0.2446 | 0.0044 | COMPLIANT_CONVERGENCE_STEP | COMMIT_DERIVATIVE_WEIGHT_ADJUSTMENT | 200
NET-00041 | -1.9272 | 1.4998 | 6.0025 | GRADIENT_EXPLOSION_HAZARD | EXECUTE_DYNAMIC_GRADIENT_CLIP_RESCALING | 422
NET-00042 | -0.1996 | -0.0185 | 0.0082 | COMPLIANT_CONVERGENCE_STEP | COMMIT_DERIVATIVE_WEIGHT_ADJUSTMENT | 200
NET-00043 | -1.2410 | 1.6090 | 4.8985 | GRADIENT_EXPLOSION_HAZARD | EXECUTE_DYNAMIC_GRADIENT_CLIP_RESCALING | 422
NET-00044 | 0.7606 | -2.9706 | 7.6798 | GRADIENT_EXPLOSION_HAZARD | EXECUTE_DYNAMIC_GRADIENT_CLIP_RESCALING | 422
NET-00045 | -1.7733 | 0.8043 | 2.8320 | COMPLIANT_CONVERGENCE_STEP | COMMIT_DERIVATIVE_WEIGHT_ADJUSTMENT | 200
NET-00046 | -0.0130 | -0.4030 | 0.7221 | COMPLIANT_CONVERGENCE_STEP | COMMIT_DERIVATIVE_WEIGHT_ADJUSTMENT | 200
NET-00047 | 0.0059 | -0.1526 | 0.0049 | COMPLIANT_CONVERGENCE_STEP | COMMIT_DERIVATIVE_WEIGHT_ADJUSTMENT | 200
NET-00048 | -0.6120 | 0.0004 | 0.0006 | COMPLIANT_CONVERGENCE_STEP | COMMIT_DERIVATIVE_WEIGHT_ADJUSTMENT | 200
NET-00049 | 0.0702 | 0.0065 | 0.0027 | COMPLIANT_CONVERGENCE_STEP | COMMIT_DERIVATIVE_WEIGHT_ADJUSTMENT | 200
NET-00050 | -0.0005 | 0.4689 | 0.0159 | COMPLIANT_CONVERGENCE_STEP | COMMIT_DERIVATIVE_WEIGHT_ADJUSTMENT | 200
NET-00051 | 0.9021 | -2.1389 | 5.5448 | GRADIENT_EXPLOSION_HAZARD | EXECUTE_DYNAMIC_GRADIENT_CLIP_RESCALING | 422
NET-00052 | 0.5583 | -1.1866 | 1.8513 | COMPLIANT_CONVERGENCE_STEP | COMMIT_DERIVATIVE_WEIGHT_ADJUSTMENT | 200
NET-00053 | 0.9843 | -2.8406 | 8.2839 | GRADIENT_EXPLOSION_HAZARD | EXECUTE_DYNAMIC_GRADIENT_CLIP_RESCALING | 422
NET-00054 | 0.4271 | -0.3979 | 1.5910 | COMPLIANT_CONVERGENCE_STEP | COMMIT_DERIVATIVE_WEIGHT_ADJUSTMENT | 200
NET-00055 | -0.6896 | -0.3238 | 0.8620 | COMPLIANT_CONVERGENCE_STEP | COMMIT_DERIVATIVE_WEIGHT_ADJUSTMENT | 200
NET-00056 | 0.9472 | -1.1955 | 3.1269 | COMPLIANT_CONVERGENCE_STEP | COMMIT_DERIVATIVE_WEIGHT_ADJUSTMENT | 200
NET-00057 | -1.0529 | 1.2220 | 3.2497 | COMPLIANT_CONVERGENCE_STEP | COMMIT_DERIVATIVE_WEIGHT_ADJUSTMENT | 200
NET-00058 | -0.6465 | 0.7171 | 1.3488 | COMPLIANT_CONVERGENCE_STEP | COMMIT_DERIVATIVE_WEIGHT_ADJUSTMENT | 200
NET-00059 | -1.9408 | 1.4366 | 5.5289 | GRADIENT_EXPLOSION_HAZARD | EXECUTE_DYNAMIC_GRADIENT_CLIP_RESCALING | 422
NET-00060 | -0.7354 | 0.5105 | 0.7418 | COMPLIANT_CONVERGENCE_STEP | COMMIT_DERIVATIVE_WEIGHT_ADJUSTMENT | 200
NET-00061 | 0.0091 | -0.6501 | 0.0224 | COMPLIANT_CONVERGENCE_STEP | COMMIT_DERIVATIVE_WEIGHT_ADJUSTMENT | 200
NET-00062 | -0.8142 | 0.5256 | 0.9062 | COMPLIANT_CONVERGENCE_STEP | COMMIT_DERIVATIVE_WEIGHT_ADJUSTMENT | 200
NET-00063 | 0.7829 | -0.1040 | 0.2488 | COMPLIANT_CONVERGENCE_STEP | COMMIT_DERIVATIVE_WEIGHT_ADJUSTMENT | 200
NET-00064 | -0.3501 | 0.3032 | 0.2861 | COMPLIANT_CONVERGENCE_STEP | COMMIT_DERIVATIVE_WEIGHT_ADJUSTMENT | 200
NET-00065 | 0.0031 | -0.2533 | 0.0090 | COMPLIANT_CONVERGENCE_STEP | COMMIT_DERIVATIVE_WEIGHT_ADJUSTMENT | 200
NET-00066 | -0.7760 | -0.1857 | 0.4288 | COMPLIANT_CONVERGENCE_STEP | COMMIT_DERIVATIVE_WEIGHT_ADJUSTMENT | 200
NET-00067 | -0.2029 | 0.9676 | 2.0023 | COMPLIANT_CONVERGENCE_STEP | COMMIT_DERIVATIVE_WEIGHT_ADJUSTMENT | 200
NET-00068 | 0.7924 | -1.6944 | 3.7144 | COMPLIANT_CONVERGENCE_STEP | COMMIT_DERIVATIVE_WEIGHT_ADJUSTMENT | 200
NET-00069 | -0.3862 | 1.1783 | 3.0132 | COMPLIANT_CONVERGENCE_STEP | COMMIT_DERIVATIVE_WEIGHT_ADJUSTMENT | 200
NET-00070 | 1.3695 | -2.2201 | 7.4004 | GRADIENT_EXPLOSION_HAZARD | EXECUTE_DYNAMIC_GRADIENT_CLIP_RESCALING | 422
NET-00071 | 0.7144 | -0.1754 | 0.3668 | COMPLIANT_CONVERGENCE_STEP | COMMIT_DERIVATIVE_WEIGHT_ADJUSTMENT | 200
NET-00072 | -1.2052 | 0.6685 | 1.6075 | COMPLIANT_CONVERGENCE_STEP | COMMIT_DERIVATIVE_WEIGHT_ADJUSTMENT | 200
NET-00073 | -0.9451 | 1.1192 | 3.6740 | COMPLIANT_CONVERGENCE_STEP | COMMIT_DERIVATIVE_WEIGHT_ADJUSTMENT | 200
NET-00074 | 0.8186 | 0.3375 | 0.8791 | COMPLIANT_CONVERGENCE_STEP | COMMIT_DERIVATIVE_WEIGHT_ADJUSTMENT | 200
NET-00075 | 0.0929 | 0.1735 | 0.5213 | COMPLIANT_CONVERGENCE_STEP | COMMIT_DERIVATIVE_WEIGHT_ADJUSTMENT | 200
NET-00076 | 0.2592 | -0.1202 | 0.3653 | COMPLIANT_CONVERGENCE_STEP | COMMIT_DERIVATIVE_WEIGHT_ADJUSTMENT | 200
NET-00077 | 0.8498 | -1.4856 | 3.3328 | COMPLIANT_CONVERGENCE_STEP | COMMIT_DERIVATIVE_WEIGHT_ADJUSTMENT | 200
NET-00078 | -1.6215 | 0.7592 | 2.5316 | COMPLIANT_CONVERGENCE_STEP | COMMIT_DERIVATIVE_WEIGHT_ADJUSTMENT | 200
NET-00079 | -2.2609 | 0.0395 | 0.1687 | COMPLIANT_CONVERGENCE_STEP | COMMIT_DERIVATIVE_WEIGHT_ADJUSTMENT | 200
NET-00080 | -2.6144 | 0.6863 | 3.0491 | COMPLIANT_CONVERGENCE_STEP | COMMIT_DERIVATIVE_WEIGHT_ADJUSTMENT | 200
NET-00081 | 1.2915 | -2.4187 | 8.4599 | GRADIENT_EXPLOSION_HAZARD | EXECUTE_DYNAMIC_GRADIENT_CLIP_RESCALING | 422
NET-00082 | 0.5946 | -1.6304 | 3.6128 | COMPLIANT_CONVERGENCE_STEP | COMMIT_DERIVATIVE_WEIGHT_ADJUSTMENT | 200
NET-00083 | -0.6580 | 0.2399 | 0.3255 | COMPLIANT_CONVERGENCE_STEP | COMMIT_DERIVATIVE_WEIGHT_ADJUSTMENT | 200
NET-00084 | -3.5127 | 0.1286 | 0.7463 | COMPLIANT_CONVERGENCE_STEP | COMMIT_DERIVATIVE_WEIGHT_ADJUSTMENT | 200
NET-00085 | -1.0366 | 0.3883 | 0.6926 | COMPLIANT_CONVERGENCE_STEP | COMMIT_DERIVATIVE_WEIGHT_ADJUSTMENT | 200
NET-00086 | -0.8309 | 0.1051 | 0.1598 | COMPLIANT_CONVERGENCE_STEP | COMMIT_DERIVATIVE_WEIGHT_ADJUSTMENT | 200
NET-00087 | 1.0178 | -1.6050 | 4.3864 | COMPLIANT_CONVERGENCE_STEP | COMMIT_DERIVATIVE_WEIGHT_ADJUSTMENT | 200
NET-00088 | 0.3595 | -0.0413 | 0.0477 | COMPLIANT_CONVERGENCE_STEP | COMMIT_DERIVATIVE_WEIGHT_ADJUSTMENT | 200
NET-00089 | 1.1125 | -0.2242 | 0.6840 | COMPLIANT_CONVERGENCE_STEP | COMMIT_DERIVATIVE_WEIGHT_ADJUSTMENT | 200
NET-00090 | 0.0030 | -0.1396 | 0.0014 | COMPLIANT_CONVERGENCE_STEP | COMMIT_DERIVATIVE_WEIGHT_ADJUSTMENT | 200
NET-00091 | -2.8472 | 0.2943 | 1.3620 | COMPLIANT_CONVERGENCE_STEP | COMMIT_DERIVATIVE_WEIGHT_ADJUSTMENT | 200
NET-00092 | -0.3003 | 0.0924 | 0.3469 | COMPLIANT_CONVERGENCE_STEP | COMMIT_DERIVATIVE_WEIGHT_ADJUSTMENT | 200
NET-00093 | 1.1834 | -1.3896 | 3.7692 | COMPLIANT_CONVERGENCE_STEP | COMMIT_DERIVATIVE_WEIGHT_ADJUSTMENT | 200
NET-00094 | 0.2125 | -0.1104 | 0.0519 | COMPLIANT_CONVERGENCE_STEP | COMMIT_DERIVATIVE_WEIGHT_ADJUSTMENT | 200
NET-00095 | 1.2474 | -1.1234 | 2.9212 | COMPLIANT_CONVERGENCE_STEP | COMMIT_DERIVATIVE_WEIGHT_ADJUSTMENT | 200
NET-00096 | -1.1400 | -0.2715 | 0.6343 | COMPLIANT_CONVERGENCE_STEP | COMMIT_DERIVATIVE_WEIGHT_ADJUSTMENT | 200
NET-00097 | -0.1676 | -0.0925 | 0.0596 | COMPLIANT_CONVERGENCE_STEP | COMMIT_DERIVATIVE_WEIGHT_ADJUSTMENT | 200
NET-00098 | -0.8584 | -0.0078 | 0.0113 | COMPLIANT_CONVERGENCE_STEP | COMMIT_DERIVATIVE_WEIGHT_ADJUSTMENT | 200
NET-00099 | -3.4434 | 0.4455 | 2.4742 | COMPLIANT_CONVERGENCE_STEP | COMMIT_DERIVATIVE_WEIGHT_ADJUSTMENT | 200
NET-00100 | -1.6032 | 0.4878 | 1.5891 | COMPLIANT_CONVERGENCE_STEP | COMMIT_DERIVATIVE_WEIGHT_ADJUSTMENT | 200
NET-00101 | -4.0818 | -0.0607 | 0.3881 | COMPLIANT_CONVERGENCE_STEP | COMMIT_DERIVATIVE_WEIGHT_ADJUSTMENT | 200
NET-00102 | 0.5175 | -0.3389 | 0.3634 | COMPLIANT_CONVERGENCE_STEP | COMMIT_DERIVATIVE_WEIGHT_ADJUSTMENT | 200
NET-00103 | -0.0004 | 0.0428 | 0.0012 | COMPLIANT_CONVERGENCE_STEP | COMMIT_DERIVATIVE_WEIGHT_ADJUSTMENT | 200
NET-00104 | -0.7136 | -0.1428 | 0.2184 | COMPLIANT_CONVERGENCE_STEP | COMMIT_DERIVATIVE_WEIGHT_ADJUSTMENT | 200
NET-00105 | 1.3498 | -0.0667 | 0.2228 | COMPLIANT_CONVERGENCE_STEP | COMMIT_DERIVATIVE_WEIGHT_ADJUSTMENT | 200
NET-00106 | -0.6032 | 0.1974 | 0.3890 | COMPLIANT_CONVERGENCE_STEP | COMMIT_DERIVATIVE_WEIGHT_ADJUSTMENT | 200
NET-00107 | -1.8437 | -0.2295 | 0.7562 | COMPLIANT_CONVERGENCE_STEP | COMMIT_DERIVATIVE_WEIGHT_ADJUSTMENT | 200
NET-00108 | 0.4058 | -0.0219 | 0.0789 | COMPLIANT_CONVERGENCE_STEP | COMMIT_DERIVATIVE_WEIGHT_ADJUSTMENT | 200
NET-00109 | -0.5710 | 0.4302 | 0.9160 | COMPLIANT_CONVERGENCE_STEP | COMMIT_DERIVATIVE_WEIGHT_ADJUSTMENT | 200
NET-00110 | -4.0489 | 0.0743 | 0.4786 | COMPLIANT_CONVERGENCE_STEP | COMMIT_DERIVATIVE_WEIGHT_ADJUSTMENT | 200
NET-00111 | -0.0024 | 0.0862 | 0.0027 | COMPLIANT_CONVERGENCE_STEP | COMMIT_DERIVATIVE_WEIGHT_ADJUSTMENT | 200
NET-00112 | -0.6756 | 0.3389 | 0.9147 | COMPLIANT_CONVERGENCE_STEP | COMMIT_DERIVATIVE_WEIGHT_ADJUSTMENT | 200
NET-00113 | 2.0986 | -1.4685 | 6.1629 | GRADIENT_EXPLOSION_HAZARD | EXECUTE_DYNAMIC_GRADIENT_CLIP_RESCALING | 422
NET-00114 | 0.8565 | 0.3558 | 1.0194 | COMPLIANT_CONVERGENCE_STEP | COMMIT_DERIVATIVE_WEIGHT_ADJUSTMENT | 200
NET-00115 | 0.3757 | -0.0191 | 0.0228 | COMPLIANT_CONVERGENCE_STEP | COMMIT_DERIVATIVE_WEIGHT_ADJUSTMENT | 200
NET-00116 | 1.9805 | -1.4336 | 5.7114 | GRADIENT_EXPLOSION_HAZARD | EXECUTE_DYNAMIC_GRADIENT_CLIP_RESCALING | 422
NET-00117 | 1.4056 | -0.5158 | 1.3527 | COMPLIANT_CONVERGENCE_STEP | COMMIT_DERIVATIVE_WEIGHT_ADJUSTMENT | 200
NET-00118 | -2.1286 | -0.0146 | 0.0493 | COMPLIANT_CONVERGENCE_STEP | COMMIT_DERIVATIVE_WEIGHT_ADJUSTMENT | 200
NET-00119 | 2.3157 | -1.4896 | 6.8106 | GRADIENT_EXPLOSION_HAZARD | EXECUTE_DYNAMIC_GRADIENT_CLIP_RESCALING | 422
NET-00120 | -1.2277 | -0.2534 | 0.7246 | COMPLIANT_CONVERGENCE_STEP | COMMIT_DERIVATIVE_WEIGHT_ADJUSTMENT | 200
NET-00121 | 0.9930 | 0.1119 | 0.3090 | COMPLIANT_CONVERGENCE_STEP | COMMIT_DERIVATIVE_WEIGHT_ADJUSTMENT | 200
NET-00122 | 1.8274 | -0.5879 | 1.9895 | COMPLIANT_CONVERGENCE_STEP | COMMIT_DERIVATIVE_WEIGHT_ADJUSTMENT | 200
NET-00123 | -2.7141 | -0.0411 | 0.1914 | COMPLIANT_CONVERGENCE_STEP | COMMIT_DERIVATIVE_WEIGHT_ADJUSTMENT | 200
NET-00124 | -1.7957 | 0.2778 | 0.9417 | COMPLIANT_CONVERGENCE_STEP | COMMIT_DERIVATIVE_WEIGHT_ADJUSTMENT | 200
NET-00125 | -3.2839 | 0.1128 | 0.6077 | COMPLIANT_CONVERGENCE_STEP | COMMIT_DERIVATIVE_WEIGHT_ADJUSTMENT | 200
NET-00126 | -1.0321 | -0.1450 | 0.2514 | COMPLIANT_CONVERGENCE_STEP | COMMIT_DERIVATIVE_WEIGHT_ADJUSTMENT | 200
NET-00127 | 1.3295 | 0.0085 | 0.0231 | COMPLIANT_CONVERGENCE_STEP | COMMIT_DERIVATIVE_WEIGHT_ADJUSTMENT | 200
NET-00128 | 2.2268 | -1.1569 | 4.8078 | GRADIENT_EXPLOSION_HAZARD | EXECUTE_DYNAMIC_GRADIENT_CLIP_RESCALING | 422
NET-00129 | -4.1413 | 0.0722 | 0.4636 | COMPLIANT_CONVERGENCE_STEP | COMMIT_DERIVATIVE_WEIGHT_ADJUSTMENT | 200
NET-00130 | 0.1690 | -0.1063 | 0.0502 | COMPLIANT_CONVERGENCE_STEP | COMMIT_DERIVATIVE_WEIGHT_ADJUSTMENT | 200
NET-00131 | 0.1276 | -0.3950 | 0.6446 | COMPLIANT_CONVERGENCE_STEP | COMMIT_DERIVATIVE_WEIGHT_ADJUSTMENT | 200
NET-00132 | -0.0028 | 0.1337 | 0.0057 | COMPLIANT_CONVERGENCE_STEP | COMMIT_DERIVATIVE_WEIGHT_ADJUSTMENT | 200
NET-00133 | -2.3319 | -0.0017 | 0.0065 | COMPLIANT_CONVERGENCE_STEP | COMMIT_DERIVATIVE_WEIGHT_ADJUSTMENT | 200
NET-00134 | -1.0031 | 0.3077 | 0.4982 | COMPLIANT_CONVERGENCE_STEP | COMMIT_DERIVATIVE_WEIGHT_ADJUSTMENT | 200
NET-00135 | 1.8421 | -0.2411 | 0.9242 | COMPLIANT_CONVERGENCE_STEP | COMMIT_DERIVATIVE_WEIGHT_ADJUSTMENT | 200
NET-00136 | -2.4664 | -0.1906 | 0.7815 | COMPLIANT_CONVERGENCE_STEP | COMMIT_DERIVATIVE_WEIGHT_ADJUSTMENT | 200
NET-00137 | 0.7843 | -0.5536 | 1.4143 | COMPLIANT_CONVERGENCE_STEP | COMMIT_DERIVATIVE_WEIGHT_ADJUSTMENT | 200
NET-00138 | 0.6304 | 0.2606 | 0.5040 | COMPLIANT_CONVERGENCE_STEP | COMMIT_DERIVATIVE_WEIGHT_ADJUSTMENT | 200
NET-00139 | 0.0027 | -0.3470 | 0.0090 | COMPLIANT_CONVERGENCE_STEP | COMMIT_DERIVATIVE_WEIGHT_ADJUSTMENT | 200
NET-00140 | 1.7548 | 0.1648 | 0.6919 | COMPLIANT_CONVERGENCE_STEP | COMMIT_DERIVATIVE_WEIGHT_ADJUSTMENT | 200
NET-00141 | 1.7468 | 0.1084 | 0.4392 | COMPLIANT_CONVERGENCE_STEP | COMMIT_DERIVATIVE_WEIGHT_ADJUSTMENT | 200
NET-00142 | -1.5267 | -0.0205 | 0.0507 | COMPLIANT_CONVERGENCE_STEP | COMMIT_DERIVATIVE_WEIGHT_ADJUSTMENT | 200
NET-00143 | -0.7997 | -0.1443 | 0.2412 | COMPLIANT_CONVERGENCE_STEP | COMMIT_DERIVATIVE_WEIGHT_ADJUSTMENT | 200
NET-00144 | -0.4108 | 0.2837 | 0.4654 | COMPLIANT_CONVERGENCE_STEP | COMMIT_DERIVATIVE_WEIGHT_ADJUSTMENT | 200
NET-00145 | -1.0894 | 0.0877 | 0.1702 | COMPLIANT_CONVERGENCE_STEP | COMMIT_DERIVATIVE_WEIGHT_ADJUSTMENT | 200
NET-00146 | -3.7704 | 0.1401 | 0.8161 | COMPLIANT_CONVERGENCE_STEP | COMMIT_DERIVATIVE_WEIGHT_ADJUSTMENT | 200
NET-00147 | 0.6172 | -0.2806 | 0.2998 | COMPLIANT_CONVERGENCE_STEP | COMMIT_DERIVATIVE_WEIGHT_ADJUSTMENT | 200
NET-00148 | 0.2685 | -0.3088 | 0.2674 | COMPLIANT_CONVERGENCE_STEP | COMMIT_DERIVATIVE_WEIGHT_ADJUSTMENT | 200
NET-00149 | -2.5102 | 0.1092 | 0.4615 | COMPLIANT_CONVERGENCE_STEP | COMMIT_DERIVATIVE_WEIGHT_ADJUSTMENT | 200
NET-00150 | -2.4931 | -0.1507 | 0.5973 | COMPLIANT_CONVERGENCE_STEP | COMMIT_DERIVATIVE_WEIGHT_ADJUSTMENT | 200
NET-00151 | 2.3413 | -0.8118 | 3.2786 | COMPLIANT_CONVERGENCE_STEP | COMMIT_DERIVATIVE_WEIGHT_ADJUSTMENT | 200
NET-00152 | -0.2582 | 0.2605 | 0.5793 | COMPLIANT_CONVERGENCE_STEP | COMMIT_DERIVATIVE_WEIGHT_ADJUSTMENT | 200
NET-00153 | -2.8005 | 0.1267 | 0.5446 | COMPLIANT_CONVERGENCE_STEP | COMMIT_DERIVATIVE_WEIGHT_ADJUSTMENT | 200
NET-00154 | -1.2710 | -0.2096 | 0.5502 | COMPLIANT_CONVERGENCE_STEP | COMMIT_DERIVATIVE_WEIGHT_ADJUSTMENT | 200
NET-00155 | 3.3360 | -1.0644 | 6.1280 | GRADIENT_EXPLOSION_HAZARD | EXECUTE_DYNAMIC_GRADIENT_CLIP_RESCALING | 422
NET-00156 | -0.5204 | 0.2964 | 0.6510 | COMPLIANT_CONVERGENCE_STEP | COMMIT_DERIVATIVE_WEIGHT_ADJUSTMENT | 200
NET-00157 | 1.6750 | -0.4674 | 1.5270 | COMPLIANT_CONVERGENCE_STEP | COMMIT_DERIVATIVE_WEIGHT_ADJUSTMENT | 200
NET-00158 | 1.7836 | -0.3143 | 0.9188 | COMPLIANT_CONVERGENCE_STEP | COMMIT_DERIVATIVE_WEIGHT_ADJUSTMENT | 200
NET-00159 | -1.3336 | 0.0871 | 0.2075 | COMPLIANT_CONVERGENCE_STEP | COMMIT_DERIVATIVE_WEIGHT_ADJUSTMENT | 200
NET-00160 | 0.7480 | 0.2732 | 0.6079 | COMPLIANT_CONVERGENCE_STEP | COMMIT_DERIVATIVE_WEIGHT_ADJUSTMENT | 200
NET-00161 | -1.3179 | -0.1531 | 0.3142 | COMPLIANT_CONVERGENCE_STEP | COMMIT_DERIVATIVE_WEIGHT_ADJUSTMENT | 200
NET-00162 | 0.4757 | -0.1631 | 0.2032 | COMPLIANT_CONVERGENCE_STEP | COMMIT_DERIVATIVE_WEIGHT_ADJUSTMENT | 200
NET-00163 | 1.0755 | -0.2177 | 0.4005 | COMPLIANT_CONVERGENCE_STEP | COMMIT_DERIVATIVE_WEIGHT_ADJUSTMENT | 200
NET-00164 | -1.0337 | -0.0654 | 0.1642 | COMPLIANT_CONVERGENCE_STEP | COMMIT_DERIVATIVE_WEIGHT_ADJUSTMENT | 200
NET-00165 | -2.2578 | 0.2635 | 1.0107 | COMPLIANT_CONVERGENCE_STEP | COMMIT_DERIVATIVE_WEIGHT_ADJUSTMENT | 200
NET-00166 | 0.8344 | 0.3299 | 1.1453 | COMPLIANT_CONVERGENCE_STEP | COMMIT_DERIVATIVE_WEIGHT_ADJUSTMENT | 200
NET-00167 | -1.5391 | -0.1449 | 0.3396 | COMPLIANT_CONVERGENCE_STEP | COMMIT_DERIVATIVE_WEIGHT_ADJUSTMENT | 200
NET-00168 | -0.4730 | 0.1645 | 0.4532 | COMPLIANT_CONVERGENCE_STEP | COMMIT_DERIVATIVE_WEIGHT_ADJUSTMENT | 200
NET-00169 | -3.3255 | -0.0061 | 0.0313 | COMPLIANT_CONVERGENCE_STEP | COMMIT_DERIVATIVE_WEIGHT_ADJUSTMENT | 200
NET-00170 | 0.9066 | -0.1395 | 0.2355 | COMPLIANT_CONVERGENCE_STEP | COMMIT_DERIVATIVE_WEIGHT_ADJUSTMENT | 200
NET-00171 | 0.5673 | 0.2074 | 0.3512 | COMPLIANT_CONVERGENCE_STEP | COMMIT_DERIVATIVE_WEIGHT_ADJUSTMENT | 200
NET-00172 | -1.2830 | 0.1569 | 0.6577 | COMPLIANT_CONVERGENCE_STEP | COMMIT_DERIVATIVE_WEIGHT_ADJUSTMENT | 200
NET-00173 | 0.8178 | -0.3865 | 0.8572 | COMPLIANT_CONVERGENCE_STEP | COMMIT_DERIVATIVE_WEIGHT_ADJUSTMENT | 200
NET-00174 | -2.8890 | 0.0450 | 0.2040 | COMPLIANT_CONVERGENCE_STEP | COMMIT_DERIVATIVE_WEIGHT_ADJUSTMENT | 200
NET-00175 | 1.4616 | -0.4415 | 1.1844 | COMPLIANT_CONVERGENCE_STEP | COMMIT_DERIVATIVE_WEIGHT_ADJUSTMENT | 200
NET-00176 | -3.1412 | -0.1663 | 0.8047 | COMPLIANT_CONVERGENCE_STEP | COMMIT_DERIVATIVE_WEIGHT_ADJUSTMENT | 200
NET-00177 | 1.6259 | -0.3660 | 1.0029 | COMPLIANT_CONVERGENCE_STEP | COMMIT_DERIVATIVE_WEIGHT_ADJUSTMENT | 200
NET-00178 | -1.1703 | 0.1008 | 0.1855 | COMPLIANT_CONVERGENCE_STEP | COMMIT_DERIVATIVE_WEIGHT_ADJUSTMENT | 200
NET-00179 | 2.0301 | 0.1676 | 0.6657 | COMPLIANT_CONVERGENCE_STEP | COMMIT_DERIVATIVE_WEIGHT_ADJUSTMENT | 200
NET-00180 | -2.1750 | 0.0552 | 0.1953 | COMPLIANT_CONVERGENCE_STEP | COMMIT_DERIVATIVE_WEIGHT_ADJUSTMENT | 200
NET-00181 | -0.2436 | 0.0367 | 0.0522 | COMPLIANT_CONVERGENCE_STEP | COMMIT_DERIVATIVE_WEIGHT_ADJUSTMENT | 200
NET-00182 | -1.2575 | -0.0375 | 0.1263 | COMPLIANT_CONVERGENCE_STEP | COMMIT_DERIVATIVE_WEIGHT_ADJUSTMENT | 200
NET-00183 | 3.5937 | -0.5189 | 3.1081 | COMPLIANT_CONVERGENCE_STEP | COMMIT_DERIVATIVE_WEIGHT_ADJUSTMENT | 200
NET-00184 | 2.7727 | -0.0945 | 0.4084 | COMPLIANT_CONVERGENCE_STEP | COMMIT_DERIVATIVE_WEIGHT_ADJUSTMENT | 200
NET-00185 | -1.9728 | 0.0723 | 0.2169 | COMPLIANT_CONVERGENCE_STEP | COMMIT_DERIVATIVE_WEIGHT_ADJUSTMENT | 200
NET-00186 | -0.6220 | -0.3023 | 0.8425 | COMPLIANT_CONVERGENCE_STEP | COMMIT_DERIVATIVE_WEIGHT_ADJUSTMENT | 200
NET-00187 | 0.8959 | 0.2769 | 0.8671 | COMPLIANT_CONVERGENCE_STEP | COMMIT_DERIVATIVE_WEIGHT_ADJUSTMENT | 200
NET-00188 | -0.6061 | -0.2487 | 0.4523 | COMPLIANT_CONVERGENCE_STEP | COMMIT_DERIVATIVE_WEIGHT_ADJUSTMENT | 200
NET-00189 | -0.8249 | -0.0514 | 0.1071 | COMPLIANT_CONVERGENCE_STEP | COMMIT_DERIVATIVE_WEIGHT_ADJUSTMENT | 200
NET-00190 | -2.0970 | -0.1793 | 0.5734 | COMPLIANT_CONVERGENCE_STEP | COMMIT_DERIVATIVE_WEIGHT_ADJUSTMENT | 200
NET-00191 | -1.5633 | 0.0431 | 0.1536 | COMPLIANT_CONVERGENCE_STEP | COMMIT_DERIVATIVE_WEIGHT_ADJUSTMENT | 200
NET-00192 | 1.2366 | 0.1700 | 0.6454 | COMPLIANT_CONVERGENCE_STEP | COMMIT_DERIVATIVE_WEIGHT_ADJUSTMENT | 200
NET-00193 | 1.8806 | 0.0764 | 0.2791 | COMPLIANT_CONVERGENCE_STEP | COMMIT_DERIVATIVE_WEIGHT_ADJUSTMENT | 200
NET-00194 | 0.6114 | 0.0403 | 0.0488 | COMPLIANT_CONVERGENCE_STEP | COMMIT_DERIVATIVE_WEIGHT_ADJUSTMENT | 200
NET-00195 | 0.1370 | -0.1848 | 0.4010 | COMPLIANT_CONVERGENCE_STEP | COMMIT_DERIVATIVE_WEIGHT_ADJUSTMENT | 200
NET-00196 | -0.7042 | 0.0234 | 0.0316 | COMPLIANT_CONVERGENCE_STEP | COMMIT_DERIVATIVE_WEIGHT_ADJUSTMENT | 200
NET-00197 | 1.4299 | 0.0067 | 0.0152 | COMPLIANT_CONVERGENCE_STEP | COMMIT_DERIVATIVE_WEIGHT_ADJUSTMENT | 200
NET-00198 | 1.2935 | 0.0940 | 0.3465 | COMPLIANT_CONVERGENCE_STEP | COMMIT_DERIVATIVE_WEIGHT_ADJUSTMENT | 200
NET-00199 | 2.1163 | -0.0648 | 0.2347 | COMPLIANT_CONVERGENCE_STEP | COMMIT_DERIVATIVE_WEIGHT_ADJUSTMENT | 200
NET-00200 | 1.9691 | 0.1200 | 0.3698 | COMPLIANT_CONVERGENCE_STEP | COMMIT_DERIVATIVE_WEIGHT_ADJUSTMENT | 200
NET-00201 | -0.7997 | -0.1720 | 0.5271 | COMPLIANT_CONVERGENCE_STEP | COMMIT_DERIVATIVE_WEIGHT_ADJUSTMENT | 200
NET-00202 | -1.1267 | 0.2207 | 0.8110 | COMPLIANT_CONVERGENCE_STEP | COMMIT_DERIVATIVE_WEIGHT_ADJUSTMENT | 200
NET-00203 | -1.7497 | 0.1481 | 0.4608 | COMPLIANT_CONVERGENCE_STEP | COMMIT_DERIVATIVE_WEIGHT_ADJUSTMENT | 200
NET-00204 | 3.5955 | -0.0926 | 0.5443 | COMPLIANT_CONVERGENCE_STEP | COMMIT_DERIVATIVE_WEIGHT_ADJUSTMENT | 200
NET-00205 | -0.1694 | 0.1391 | 0.1969 | COMPLIANT_CONVERGENCE_STEP | COMMIT_DERIVATIVE_WEIGHT_ADJUSTMENT | 200
NET-00206 | -4.3463 | 0.0719 | 0.4799 | COMPLIANT_CONVERGENCE_STEP | COMMIT_DERIVATIVE_WEIGHT_ADJUSTMENT | 200
NET-00207 | -1.6500 | 0.1082 | 0.3854 | COMPLIANT_CONVERGENCE_STEP | COMMIT_DERIVATIVE_WEIGHT_ADJUSTMENT | 200
NET-00208 | -0.2293 | -0.2589 | 0.5479 | COMPLIANT_CONVERGENCE_STEP | COMMIT_DERIVATIVE_WEIGHT_ADJUSTMENT | 200
NET-00209 | -2.3072 | 0.0501 | 0.2250 | COMPLIANT_CONVERGENCE_STEP | COMMIT_DERIVATIVE_WEIGHT_ADJUSTMENT | 200
NET-00210 | -3.4445 | -0.1126 | 0.6079 | COMPLIANT_CONVERGENCE_STEP | COMMIT_DERIVATIVE_WEIGHT_ADJUSTMENT | 200
NET-00211 | -0.5478 | -0.0675 | 0.1153 | COMPLIANT_CONVERGENCE_STEP | COMMIT_DERIVATIVE_WEIGHT_ADJUSTMENT | 200
NET-00212 | 0.2560 | 0.0672 | 0.1327 | COMPLIANT_CONVERGENCE_STEP | COMMIT_DERIVATIVE_WEIGHT_ADJUSTMENT | 200
NET-00213 | 2.2585 | -0.1879 | 0.8082 | COMPLIANT_CONVERGENCE_STEP | COMMIT_DERIVATIVE_WEIGHT_ADJUSTMENT | 200
NET-00214 | -3.1968 | 0.0581 | 0.3035 | COMPLIANT_CONVERGENCE_STEP | COMMIT_DERIVATIVE_WEIGHT_ADJUSTMENT | 200
NET-00215 | 0.5890 | -0.1038 | 0.2081 | COMPLIANT_CONVERGENCE_STEP | COMMIT_DERIVATIVE_WEIGHT_ADJUSTMENT | 200
NET-00216 | -0.9435 | -0.1725 | 0.4078 | COMPLIANT_CONVERGENCE_STEP | COMMIT_DERIVATIVE_WEIGHT_ADJUSTMENT | 200
NET-00217 | -2.1522 | 0.1177 | 0.4200 | COMPLIANT_CONVERGENCE_STEP | COMMIT_DERIVATIVE_WEIGHT_ADJUSTMENT | 200
NET-00218 | 2.0864 | 0.0107 | 0.0355 | COMPLIANT_CONVERGENCE_STEP | COMMIT_DERIVATIVE_WEIGHT_ADJUSTMENT | 200
NET-00219 | -0.3484 | -0.0254 | 0.0572 | COMPLIANT_CONVERGENCE_STEP | COMMIT_DERIVATIVE_WEIGHT_ADJUSTMENT | 200
NET-00220 | 3.1799 | -0.0588 | 0.3012 | COMPLIANT_CONVERGENCE_STEP | COMMIT_DERIVATIVE_WEIGHT_ADJUSTMENT | 200
NET-00221 | 0.3391 | -0.0054 | 0.0083 | COMPLIANT_CONVERGENCE_STEP | COMMIT_DERIVATIVE_WEIGHT_ADJUSTMENT | 200
NET-00222 | 0.2857 | 0.0789 | 0.0491 | COMPLIANT_CONVERGENCE_STEP | COMMIT_DERIVATIVE_WEIGHT_ADJUSTMENT | 200
NET-00223 | -1.1061 | -0.1758 | 0.6496 | COMPLIANT_CONVERGENCE_STEP | COMMIT_DERIVATIVE_WEIGHT_ADJUSTMENT | 200
NET-00224 | 0.0005 | -0.1508 | 0.0031 | COMPLIANT_CONVERGENCE_STEP | COMMIT_DERIVATIVE_WEIGHT_ADJUSTMENT | 200
NET-00225 | 0.0330 | -0.1397 | 0.3774 | COMPLIANT_CONVERGENCE_STEP | COMMIT_DERIVATIVE_WEIGHT_ADJUSTMENT | 200
NET-00226 | -1.4331 | -0.0997 | 0.2415 | COMPLIANT_CONVERGENCE_STEP | COMMIT_DERIVATIVE_WEIGHT_ADJUSTMENT | 200
NET-00227 | 3.3748 | -0.2098 | 1.0990 | COMPLIANT_CONVERGENCE_STEP | COMMIT_DERIVATIVE_WEIGHT_ADJUSTMENT | 200
NET-00228 | -0.9733 | 0.0393 | 0.0589 | COMPLIANT_CONVERGENCE_STEP | COMMIT_DERIVATIVE_WEIGHT_ADJUSTMENT | 200
NET-00229 | 2.9592 | 0.0397 | 0.1805 | COMPLIANT_CONVERGENCE_STEP | COMMIT_DERIVATIVE_WEIGHT_ADJUSTMENT | 200
NET-00230 | 1.3822 | -0.0527 | 0.1208 | COMPLIANT_CONVERGENCE_STEP | COMMIT_DERIVATIVE_WEIGHT_ADJUSTMENT | 200
NET-00231 | 1.0378 | -0.0390 | 0.1064 | COMPLIANT_CONVERGENCE_STEP | COMMIT_DERIVATIVE_WEIGHT_ADJUSTMENT | 200
NET-00232 | 1.3677 | -0.1079 | 0.3603 | COMPLIANT_CONVERGENCE_STEP | COMMIT_DERIVATIVE_WEIGHT_ADJUSTMENT | 200
NET-00233 | -0.9044 | 0.0812 | 0.2220 | COMPLIANT_CONVERGENCE_STEP | COMMIT_DERIVATIVE_WEIGHT_ADJUSTMENT | 200
NET-00234 | -1.2454 | 0.0071 | 0.0193 | COMPLIANT_CONVERGENCE_STEP | COMMIT_DERIVATIVE_WEIGHT_ADJUSTMENT | 200
NET-00235 | -2.4003 | -0.0274 | 0.1000 | COMPLIANT_CONVERGENCE_STEP | COMMIT_DERIVATIVE_WEIGHT_ADJUSTMENT | 200
NET-00236 | 1.0554 | 0.0266 | 0.0543 | COMPLIANT_CONVERGENCE_STEP | COMMIT_DERIVATIVE_WEIGHT_ADJUSTMENT | 200
NET-00237 | -2.6486 | -0.2751 | 1.1952 | COMPLIANT_CONVERGENCE_STEP | COMMIT_DERIVATIVE_WEIGHT_ADJUSTMENT | 200
NET-00238 | -1.7633 | 0.2225 | 0.9340 | COMPLIANT_CONVERGENCE_STEP | COMMIT_DERIVATIVE_WEIGHT_ADJUSTMENT | 200
NET-00239 | 2.1453 | -0.1254 | 0.4921 | COMPLIANT_CONVERGENCE_STEP | COMMIT_DERIVATIVE_WEIGHT_ADJUSTMENT | 200
NET-00240 | -1.0712 | -0.1164 | 0.3360 | COMPLIANT_CONVERGENCE_STEP | COMMIT_DERIVATIVE_WEIGHT_ADJUSTMENT | 200
NET-00241 | 1.7575 | -0.1697 | 0.6868 | COMPLIANT_CONVERGENCE_STEP | COMMIT_DERIVATIVE_WEIGHT_ADJUSTMENT | 200
NET-00242 | 4.1828 | 0.0106 | 0.0698 | COMPLIANT_CONVERGENCE_STEP | COMMIT_DERIVATIVE_WEIGHT_ADJUSTMENT | 200
NET-00243 | 2.2745 | 0.0012 | 0.0046 | COMPLIANT_CONVERGENCE_STEP | COMMIT_DERIVATIVE_WEIGHT_ADJUSTMENT | 200
NET-00244 | -2.4158 | -0.1084 | 0.4830 | COMPLIANT_CONVERGENCE_STEP | COMMIT_DERIVATIVE_WEIGHT_ADJUSTMENT | 200
NET-00245 | -4.0397 | -0.0138 | 0.0857 | COMPLIANT_CONVERGENCE_STEP | COMMIT_DERIVATIVE_WEIGHT_ADJUSTMENT | 200
NET-00246 | 2.5425 | 0.0511 | 0.2124 | COMPLIANT_CONVERGENCE_STEP | COMMIT_DERIVATIVE_WEIGHT_ADJUSTMENT | 200
NET-00247 | 0.8881 | -0.1209 | 0.3531 | COMPLIANT_CONVERGENCE_STEP | COMMIT_DERIVATIVE_WEIGHT_ADJUSTMENT | 200
NET-00248 | 1.8175 | 0.3312 | 1.4276 | COMPLIANT_CONVERGENCE_STEP | COMMIT_DERIVATIVE_WEIGHT_ADJUSTMENT | 200
NET-00249 | 2.4511 | -0.0821 | 0.3540 | COMPLIANT_CONVERGENCE_STEP | COMMIT_DERIVATIVE_WEIGHT_ADJUSTMENT | 200
NET-00250 | 3.3056 | -0.0573 | 0.2994 | COMPLIANT_CONVERGENCE_STEP | COMMIT_DERIVATIVE_WEIGHT_ADJUSTMENT | 200
NET-00251 | 0.0321 | -0.0120 | 0.0276 | COMPLIANT_CONVERGENCE_STEP | COMMIT_DERIVATIVE_WEIGHT_ADJUSTMENT | 200
NET-00252 | -2.0219 | -0.2263 | 0.8403 | COMPLIANT_CONVERGENCE_STEP | COMMIT_DERIVATIVE_WEIGHT_ADJUSTMENT | 200
NET-00253 | 1.5804 | 0.0825 | 0.2642 | COMPLIANT_CONVERGENCE_STEP | COMMIT_DERIVATIVE_WEIGHT_ADJUSTMENT | 200
NET-00254 | -2.1327 | 0.0598 | 0.2132 | COMPLIANT_CONVERGENCE_STEP | COMMIT_DERIVATIVE_WEIGHT_ADJUSTMENT | 200
NET-00255 | -3.1687 | -0.1721 | 0.8655 | COMPLIANT_CONVERGENCE_STEP | COMMIT_DERIVATIVE_WEIGHT_ADJUSTMENT | 200
NET-00256 | 0.1156 | 0.0877 | 0.0482 | COMPLIANT_CONVERGENCE_STEP | COMMIT_DERIVATIVE_WEIGHT_ADJUSTMENT | 200
NET-00257 | 2.5518 | 0.0457 | 0.1921 | COMPLIANT_CONVERGENCE_STEP | COMMIT_DERIVATIVE_WEIGHT_ADJUSTMENT | 200
NET-00258 | 1.3848 | 0.0007 | 0.0014 | COMPLIANT_CONVERGENCE_STEP | COMMIT_DERIVATIVE_WEIGHT_ADJUSTMENT | 200
NET-00259 | 0.9884 | -0.1018 | 0.1794 | COMPLIANT_CONVERGENCE_STEP | COMMIT_DERIVATIVE_WEIGHT_ADJUSTMENT | 200
NET-00260 | -2.1361 | 0.0507 | 0.1887 | COMPLIANT_CONVERGENCE_STEP | COMMIT_DERIVATIVE_WEIGHT_ADJUSTMENT | 200
NET-00261 | -0.1987 | 0.1170 | 0.1852 | COMPLIANT_CONVERGENCE_STEP | COMMIT_DERIVATIVE_WEIGHT_ADJUSTMENT | 200
NET-00262 | 2.6053 | 0.0444 | 0.2026 | COMPLIANT_CONVERGENCE_STEP | COMMIT_DERIVATIVE_WEIGHT_ADJUSTMENT | 200
NET-00263 | -3.3516 | 0.1247 | 0.6639 | COMPLIANT_CONVERGENCE_STEP | COMMIT_DERIVATIVE_WEIGHT_ADJUSTMENT | 200
NET-00264 | 0.2864 | 0.0030 | 0.0015 | COMPLIANT_CONVERGENCE_STEP | COMMIT_DERIVATIVE_WEIGHT_ADJUSTMENT | 200
NET-00265 | 1.9098 | -0.0543 | 0.1887 | COMPLIANT_CONVERGENCE_STEP | COMMIT_DERIVATIVE_WEIGHT_ADJUSTMENT | 200
NET-00266 | 1.0254 | -0.0408 | 0.0892 | COMPLIANT_CONVERGENCE_STEP | COMMIT_DERIVATIVE_WEIGHT_ADJUSTMENT | 200
NET-00267 | 0.8901 | 0.1790 | 0.3209 | COMPLIANT_CONVERGENCE_STEP | COMMIT_DERIVATIVE_WEIGHT_ADJUSTMENT | 200
NET-00268 | 0.5689 | -0.1039 | 0.1957 | COMPLIANT_CONVERGENCE_STEP | COMMIT_DERIVATIVE_WEIGHT_ADJUSTMENT | 200
NET-00269 | 0.0000 | -0.0224 | 0.0005 | COMPLIANT_CONVERGENCE_STEP | COMMIT_DERIVATIVE_WEIGHT_ADJUSTMENT | 200
NET-00270 | -1.2548 | -0.1153 | 0.2337 | COMPLIANT_CONVERGENCE_STEP | COMMIT_DERIVATIVE_WEIGHT_ADJUSTMENT | 200
NET-00271 | 3.0810 | -0.0860 | 0.4261 | COMPLIANT_CONVERGENCE_STEP | COMMIT_DERIVATIVE_WEIGHT_ADJUSTMENT | 200
NET-00272 | 2.2229 | -0.1175 | 0.4013 | COMPLIANT_CONVERGENCE_STEP | COMMIT_DERIVATIVE_WEIGHT_ADJUSTMENT | 200
NET-00273 | 2.2531 | -0.0354 | 0.1282 | COMPLIANT_CONVERGENCE_STEP | COMMIT_DERIVATIVE_WEIGHT_ADJUSTMENT | 200
NET-00274 | 2.0146 | -0.1123 | 0.4273 | COMPLIANT_CONVERGENCE_STEP | COMMIT_DERIVATIVE_WEIGHT_ADJUSTMENT | 200
NET-00275 | -1.3870 | -0.0656 | 0.2168 | COMPLIANT_CONVERGENCE_STEP | COMMIT_DERIVATIVE_WEIGHT_ADJUSTMENT | 200
NET-00276 | -0.3141 | 0.0087 | 0.0065 | COMPLIANT_CONVERGENCE_STEP | COMMIT_DERIVATIVE_WEIGHT_ADJUSTMENT | 200
NET-00277 | 1.0420 | -0.1955 | 0.5403 | COMPLIANT_CONVERGENCE_STEP | COMMIT_DERIVATIVE_WEIGHT_ADJUSTMENT | 200
NET-00278 | 0.8995 | -0.0692 | 0.1013 | COMPLIANT_CONVERGENCE_STEP | COMMIT_DERIVATIVE_WEIGHT_ADJUSTMENT | 200
NET-00279 | 0.8164 | -0.0237 | 0.0442 | COMPLIANT_CONVERGENCE_STEP | COMMIT_DERIVATIVE_WEIGHT_ADJUSTMENT | 200
NET-00280 | 3.1724 | 0.1522 | 0.7796 | COMPLIANT_CONVERGENCE_STEP | COMMIT_DERIVATIVE_WEIGHT_ADJUSTMENT | 200
NET-00281 | 3.1359 | 0.1387 | 0.6642 | COMPLIANT_CONVERGENCE_STEP | COMMIT_DERIVATIVE_WEIGHT_ADJUSTMENT | 200
NET-00282 | -0.5059 | -0.0052 | 0.0075 | COMPLIANT_CONVERGENCE_STEP | COMMIT_DERIVATIVE_WEIGHT_ADJUSTMENT | 200
NET-00283 | -0.6405 | 0.0034 | 0.0039 | COMPLIANT_CONVERGENCE_STEP | COMMIT_DERIVATIVE_WEIGHT_ADJUSTMENT | 200
NET-00284 | -0.9209 | 0.1227 | 0.4512 | COMPLIANT_CONVERGENCE_STEP | COMMIT_DERIVATIVE_WEIGHT_ADJUSTMENT | 200
NET-00285 | 1.5775 | -0.0582 | 0.1801 | COMPLIANT_CONVERGENCE_STEP | COMMIT_DERIVATIVE_WEIGHT_ADJUSTMENT | 200
NET-00286 | -2.0218 | -0.1105 | 0.4573 | COMPLIANT_CONVERGENCE_STEP | COMMIT_DERIVATIVE_WEIGHT_ADJUSTMENT | 200
NET-00287 | -1.7048 | -0.0590 | 0.2167 | COMPLIANT_CONVERGENCE_STEP | COMMIT_DERIVATIVE_WEIGHT_ADJUSTMENT | 200
NET-00288 | 0.7777 | 0.0962 | 0.1431 | COMPLIANT_CONVERGENCE_STEP | COMMIT_DERIVATIVE_WEIGHT_ADJUSTMENT | 200
NET-00289 | -1.1894 | 0.0450 | 0.0904 | COMPLIANT_CONVERGENCE_STEP | COMMIT_DERIVATIVE_WEIGHT_ADJUSTMENT | 200
NET-00290 | 1.4818 | 0.0448 | 0.1236 | COMPLIANT_CONVERGENCE_STEP | COMMIT_DERIVATIVE_WEIGHT_ADJUSTMENT | 200
NET-00291 | -3.0969 | 0.1133 | 0.5521 | COMPLIANT_CONVERGENCE_STEP | COMMIT_DERIVATIVE_WEIGHT_ADJUSTMENT | 200
NET-00292 | -2.0291 | 0.0863 | 0.3566 | COMPLIANT_CONVERGENCE_STEP | COMMIT_DERIVATIVE_WEIGHT_ADJUSTMENT | 200
NET-00293 | 2.8405 | 0.0150 | 0.0664 | COMPLIANT_CONVERGENCE_STEP | COMMIT_DERIVATIVE_WEIGHT_ADJUSTMENT | 200
NET-00294 | -0.8823 | 0.1351 | 0.1896 | COMPLIANT_CONVERGENCE_STEP | COMMIT_DERIVATIVE_WEIGHT_ADJUSTMENT | 200
NET-00295 | -0.6373 | 0.0307 | 0.1078 | COMPLIANT_CONVERGENCE_STEP | COMMIT_DERIVATIVE_WEIGHT_ADJUSTMENT | 200
NET-00296 | 1.6413 | -0.0116 | 0.0437 | COMPLIANT_CONVERGENCE_STEP | COMMIT_DERIVATIVE_WEIGHT_ADJUSTMENT | 200
NET-00297 | 2.4857 | 0.2597 | 1.0172 | COMPLIANT_CONVERGENCE_STEP | COMMIT_DERIVATIVE_WEIGHT_ADJUSTMENT | 200
NET-00298 | -0.2139 | -0.1966 | 0.5494 | COMPLIANT_CONVERGENCE_STEP | COMMIT_DERIVATIVE_WEIGHT_ADJUSTMENT | 200
NET-00299 | 1.9071 | -0.1935 | 0.6889 | COMPLIANT_CONVERGENCE_STEP | COMMIT_DERIVATIVE_WEIGHT_ADJUSTMENT | 200
NET-00300 | -1.9369 | 0.0730 | 0.2728 | COMPLIANT_CONVERGENCE_STEP | COMMIT_DERIVATIVE_WEIGHT_ADJUSTMENT | 200
NET-00301 | -3.6474 | 0.0089 | 0.0496 | COMPLIANT_CONVERGENCE_STEP | COMMIT_DERIVATIVE_WEIGHT_ADJUSTMENT | 200
NET-00302 | -0.0464 | 0.1132 | 0.0473 | COMPLIANT_CONVERGENCE_STEP | COMMIT_DERIVATIVE_WEIGHT_ADJUSTMENT | 200
NET-00303 | 0.2040 | -0.1689 | 0.0632 | COMPLIANT_CONVERGENCE_STEP | COMMIT_DERIVATIVE_WEIGHT_ADJUSTMENT | 200
NET-00304 | 1.4531 | -0.2221 | 0.5310 | COMPLIANT_CONVERGENCE_STEP | COMMIT_DERIVATIVE_WEIGHT_ADJUSTMENT | 200
NET-00305 | -0.0270 | -0.0176 | 0.0606 | COMPLIANT_CONVERGENCE_STEP | COMMIT_DERIVATIVE_WEIGHT_ADJUSTMENT | 200
NET-00306 | 3.1830 | -0.1040 | 0.5155 | COMPLIANT_CONVERGENCE_STEP | COMMIT_DERIVATIVE_WEIGHT_ADJUSTMENT | 200
NET-00307 | 1.3819 | -0.0548 | 0.1734 | COMPLIANT_CONVERGENCE_STEP | COMMIT_DERIVATIVE_WEIGHT_ADJUSTMENT | 200
NET-00308 | -1.4343 | 0.1362 | 0.2999 | COMPLIANT_CONVERGENCE_STEP | COMMIT_DERIVATIVE_WEIGHT_ADJUSTMENT | 200
NET-00309 | 2.9994 | 0.0337 | 0.1621 | COMPLIANT_CONVERGENCE_STEP | COMMIT_DERIVATIVE_WEIGHT_ADJUSTMENT | 200
NET-00310 | -0.8683 | -0.0017 | 0.0036 | COMPLIANT_CONVERGENCE_STEP | COMMIT_DERIVATIVE_WEIGHT_ADJUSTMENT | 200
NET-00311 | -0.3895 | 0.0459 | 0.0283 | COMPLIANT_CONVERGENCE_STEP | COMMIT_DERIVATIVE_WEIGHT_ADJUSTMENT | 200
NET-00312 | -3.7429 | 0.0057 | 0.0331 | COMPLIANT_CONVERGENCE_STEP | COMMIT_DERIVATIVE_WEIGHT_ADJUSTMENT | 200
NET-00313 | -2.8231 | 0.0133 | 0.0612 | COMPLIANT_CONVERGENCE_STEP | COMMIT_DERIVATIVE_WEIGHT_ADJUSTMENT | 200
NET-00314 | 2.1765 | 0.0559 | 0.2380 | COMPLIANT_CONVERGENCE_STEP | COMMIT_DERIVATIVE_WEIGHT_ADJUSTMENT | 200
NET-00315 | 0.4963 | 0.0522 | 0.1770 | COMPLIANT_CONVERGENCE_STEP | COMMIT_DERIVATIVE_WEIGHT_ADJUSTMENT | 200
NET-00316 | 2.3334 | 0.0844 | 0.3322 | COMPLIANT_CONVERGENCE_STEP | COMMIT_DERIVATIVE_WEIGHT_ADJUSTMENT | 200
NET-00317 | 0.1515 | 0.0486 | 0.0650 | COMPLIANT_CONVERGENCE_STEP | COMMIT_DERIVATIVE_WEIGHT_ADJUSTMENT | 200
NET-00318 | -1.6157 | 0.1356 | 0.4047 | COMPLIANT_CONVERGENCE_STEP | COMMIT_DERIVATIVE_WEIGHT_ADJUSTMENT | 200
NET-00319 | -1.8186 | -0.1051 | 0.3359 | COMPLIANT_CONVERGENCE_STEP | COMMIT_DERIVATIVE_WEIGHT_ADJUSTMENT | 200
NET-00320 | -1.2095 | 0.2149 | 0.4885 | COMPLIANT_CONVERGENCE_STEP | COMMIT_DERIVATIVE_WEIGHT_ADJUSTMENT | 200
NET-00321 | -1.0307 | -0.1371 | 0.3889 | COMPLIANT_CONVERGENCE_STEP | COMMIT_DERIVATIVE_WEIGHT_ADJUSTMENT | 200
NET-00322 | 0.6276 | -0.1137 | 0.2291 | COMPLIANT_CONVERGENCE_STEP | COMMIT_DERIVATIVE_WEIGHT_ADJUSTMENT | 200
NET-00323 | 0.6329 | 0.0472 | 0.0693 | COMPLIANT_CONVERGENCE_STEP | COMMIT_DERIVATIVE_WEIGHT_ADJUSTMENT | 200
NET-00324 | -0.7144 | 0.2563 | 0.5117 | COMPLIANT_CONVERGENCE_STEP | COMMIT_DERIVATIVE_WEIGHT_ADJUSTMENT | 200
NET-00325 | 1.7406 | 0.0837 | 0.3493 | COMPLIANT_CONVERGENCE_STEP | COMMIT_DERIVATIVE_WEIGHT_ADJUSTMENT | 200
NET-00326 | 0.0032 | 0.0385 | 0.1387 | COMPLIANT_CONVERGENCE_STEP | COMMIT_DERIVATIVE_WEIGHT_ADJUSTMENT | 200
NET-00327 | -0.7039 | 0.0989 | 0.2136 | COMPLIANT_CONVERGENCE_STEP | COMMIT_DERIVATIVE_WEIGHT_ADJUSTMENT | 200
NET-00328 | 2.2159 | 0.0021 | 0.0092 | COMPLIANT_CONVERGENCE_STEP | COMMIT_DERIVATIVE_WEIGHT_ADJUSTMENT | 200
NET-00329 | -0.9305 | -0.1647 | 0.2516 | COMPLIANT_CONVERGENCE_STEP | COMMIT_DERIVATIVE_WEIGHT_ADJUSTMENT | 200
NET-00330 | -0.0837 | -0.0729 | 0.1875 | COMPLIANT_CONVERGENCE_STEP | COMMIT_DERIVATIVE_WEIGHT_ADJUSTMENT | 200
NET-00331 | -0.0874 | 0.0935 | 0.1349 | COMPLIANT_CONVERGENCE_STEP | COMMIT_DERIVATIVE_WEIGHT_ADJUSTMENT | 200
NET-00332 | 2.9105 | 0.1137 | 0.5522 | COMPLIANT_CONVERGENCE_STEP | COMMIT_DERIVATIVE_WEIGHT_ADJUSTMENT | 200
NET-00333 | -3.2771 | 0.0014 | 0.0071 | COMPLIANT_CONVERGENCE_STEP | COMMIT_DERIVATIVE_WEIGHT_ADJUSTMENT | 200
NET-00334 | -2.9283 | -0.0063 | 0.0281 | COMPLIANT_CONVERGENCE_STEP | COMMIT_DERIVATIVE_WEIGHT_ADJUSTMENT | 200
NET-00335 | -1.5072 | -0.0665 | 0.2742 | COMPLIANT_CONVERGENCE_STEP | COMMIT_DERIVATIVE_WEIGHT_ADJUSTMENT | 200
NET-00336 | -2.3963 | 0.0411 | 0.1751 | COMPLIANT_CONVERGENCE_STEP | COMMIT_DERIVATIVE_WEIGHT_ADJUSTMENT | 200
NET-00337 | 2.2485 | -0.0754 | 0.2694 | COMPLIANT_CONVERGENCE_STEP | COMMIT_DERIVATIVE_WEIGHT_ADJUSTMENT | 200
NET-00338 | 1.6191 | -0.2153 | 0.5369 | COMPLIANT_CONVERGENCE_STEP | COMMIT_DERIVATIVE_WEIGHT_ADJUSTMENT | 200
NET-00339 | 1.0195 | -0.1198 | 0.3247 | COMPLIANT_CONVERGENCE_STEP | COMMIT_DERIVATIVE_WEIGHT_ADJUSTMENT | 200
NET-00340 | -2.1723 | -0.0139 | 0.0522 | COMPLIANT_CONVERGENCE_STEP | COMMIT_DERIVATIVE_WEIGHT_ADJUSTMENT | 200
NET-00341 | -0.8630 | 0.0094 | 0.0180 | COMPLIANT_CONVERGENCE_STEP | COMMIT_DERIVATIVE_WEIGHT_ADJUSTMENT | 200
NET-00342 | 1.1820 | 0.0041 | 0.0126 | COMPLIANT_CONVERGENCE_STEP | COMMIT_DERIVATIVE_WEIGHT_ADJUSTMENT | 200
NET-00343 | -0.6185 | -0.1192 | 0.3684 | COMPLIANT_CONVERGENCE_STEP | COMMIT_DERIVATIVE_WEIGHT_ADJUSTMENT | 200
NET-00344 | 0.0554 | 0.0503 | 0.0425 | COMPLIANT_CONVERGENCE_STEP | COMMIT_DERIVATIVE_WEIGHT_ADJUSTMENT | 200
NET-00345 | -2.0497 | -0.0317 | 0.1227 | COMPLIANT_CONVERGENCE_STEP | COMMIT_DERIVATIVE_WEIGHT_ADJUSTMENT | 200
NET-00346 | 0.1721 | 0.0113 | 0.0132 | COMPLIANT_CONVERGENCE_STEP | COMMIT_DERIVATIVE_WEIGHT_ADJUSTMENT | 200
NET-00347 | 0.2563 | 0.0677 | 0.0899 | COMPLIANT_CONVERGENCE_STEP | COMMIT_DERIVATIVE_WEIGHT_ADJUSTMENT | 200
NET-00348 | -2.2880 | 0.1355 | 0.5656 | COMPLIANT_CONVERGENCE_STEP | COMMIT_DERIVATIVE_WEIGHT_ADJUSTMENT | 200
NET-00349 | -1.0658 | -0.0461 | 0.0751 | COMPLIANT_CONVERGENCE_STEP | COMMIT_DERIVATIVE_WEIGHT_ADJUSTMENT | 200
NET-00350 | 2.2915 | -0.0251 | 0.1091 | COMPLIANT_CONVERGENCE_STEP | COMMIT_DERIVATIVE_WEIGHT_ADJUSTMENT | 200
NET-00351 | -0.4229 | -0.0562 | 0.0566 | COMPLIANT_CONVERGENCE_STEP | COMMIT_DERIVATIVE_WEIGHT_ADJUSTMENT | 200
NET-00352 | 0.8529 | 0.0898 | 0.3069 | COMPLIANT_CONVERGENCE_STEP | COMMIT_DERIVATIVE_WEIGHT_ADJUSTMENT | 200
NET-00353 | 0.5985 | -0.1155 | 0.1674 | COMPLIANT_CONVERGENCE_STEP | COMMIT_DERIVATIVE_WEIGHT_ADJUSTMENT | 200
NET-00354 | -3.2555 | 0.0504 | 0.2568 | COMPLIANT_CONVERGENCE_STEP | COMMIT_DERIVATIVE_WEIGHT_ADJUSTMENT | 200
NET-00355 | -3.3428 | -0.2207 | 1.1204 | COMPLIANT_CONVERGENCE_STEP | COMMIT_DERIVATIVE_WEIGHT_ADJUSTMENT | 200
NET-00356 | 2.0526 | 0.1586 | 0.5798 | COMPLIANT_CONVERGENCE_STEP | COMMIT_DERIVATIVE_WEIGHT_ADJUSTMENT | 200
NET-00357 | -4.1205 | -0.0352 | 0.2243 | COMPLIANT_CONVERGENCE_STEP | COMMIT_DERIVATIVE_WEIGHT_ADJUSTMENT | 200
NET-00358 | 1.8601 | -0.0895 | 0.3296 | COMPLIANT_CONVERGENCE_STEP | COMMIT_DERIVATIVE_WEIGHT_ADJUSTMENT | 200
NET-00359 | 2.5358 | 0.0827 | 0.3487 | COMPLIANT_CONVERGENCE_STEP | COMMIT_DERIVATIVE_WEIGHT_ADJUSTMENT | 200
NET-00360 | 1.5688 | -0.0716 | 0.2199 | COMPLIANT_CONVERGENCE_STEP | COMMIT_DERIVATIVE_WEIGHT_ADJUSTMENT | 200
NET-00361 | 0.8658 | -0.1537 | 0.4908 | COMPLIANT_CONVERGENCE_STEP | COMMIT_DERIVATIVE_WEIGHT_ADJUSTMENT | 200
NET-00362 | 1.1053 | 0.2177 | 0.3682 | COMPLIANT_CONVERGENCE_STEP | COMMIT_DERIVATIVE_WEIGHT_ADJUSTMENT | 200
NET-00363 | 0.4009 | -0.0547 | 0.0746 | COMPLIANT_CONVERGENCE_STEP | COMMIT_DERIVATIVE_WEIGHT_ADJUSTMENT | 200
NET-00364 | 0.3157 | 0.2466 | 0.1205 | COMPLIANT_CONVERGENCE_STEP | COMMIT_DERIVATIVE_WEIGHT_ADJUSTMENT | 200
NET-00365 | 2.3758 | 0.0706 | 0.2911 | COMPLIANT_CONVERGENCE_STEP | COMMIT_DERIVATIVE_WEIGHT_ADJUSTMENT | 200
NET-00366 | 0.7712 | -0.1683 | 0.4979 | COMPLIANT_CONVERGENCE_STEP | COMMIT_DERIVATIVE_WEIGHT_ADJUSTMENT | 200
NET-00367 | 3.9343 | 0.0189 | 0.1153 | COMPLIANT_CONVERGENCE_STEP | COMMIT_DERIVATIVE_WEIGHT_ADJUSTMENT | 200
NET-00368 | 2.2030 | 0.0759 | 0.2879 | COMPLIANT_CONVERGENCE_STEP | COMMIT_DERIVATIVE_WEIGHT_ADJUSTMENT | 200
NET-00369 | -1.3120 | 0.0312 | 0.0850 | COMPLIANT_CONVERGENCE_STEP | COMMIT_DERIVATIVE_WEIGHT_ADJUSTMENT | 200
NET-00370 | -3.3006 | -0.1902 | 0.9629 | COMPLIANT_CONVERGENCE_STEP | COMMIT_DERIVATIVE_WEIGHT_ADJUSTMENT | 200
NET-00371 | -2.8254 | 0.2405 | 1.0541 | COMPLIANT_CONVERGENCE_STEP | COMMIT_DERIVATIVE_WEIGHT_ADJUSTMENT | 200
NET-00372 | -3.9821 | 0.1196 | 0.7332 | COMPLIANT_CONVERGENCE_STEP | COMMIT_DERIVATIVE_WEIGHT_ADJUSTMENT | 200
NET-00373 | -3.0723 | -0.1727 | 0.8093 | COMPLIANT_CONVERGENCE_STEP | COMMIT_DERIVATIVE_WEIGHT_ADJUSTMENT | 200
NET-00374 | 1.2984 | -0.2097 | 0.4211 | COMPLIANT_CONVERGENCE_STEP | COMMIT_DERIVATIVE_WEIGHT_ADJUSTMENT | 200
NET-00375 | -3.1111 | 0.0256 | 0.1225 | COMPLIANT_CONVERGENCE_STEP | COMMIT_DERIVATIVE_WEIGHT_ADJUSTMENT | 200
NET-00376 | -0.3641 | 0.1272 | 0.2151 | COMPLIANT_CONVERGENCE_STEP | COMMIT_DERIVATIVE_WEIGHT_ADJUSTMENT | 200
NET-00377 | 2.6611 | -0.2375 | 0.9703 | COMPLIANT_CONVERGENCE_STEP | COMMIT_DERIVATIVE_WEIGHT_ADJUSTMENT | 200
NET-00378 | -3.7792 | -0.1536 | 0.8893 | COMPLIANT_CONVERGENCE_STEP | COMMIT_DERIVATIVE_WEIGHT_ADJUSTMENT | 200
NET-00379 | 2.0607 | -0.0655 | 0.2114 | COMPLIANT_CONVERGENCE_STEP | COMMIT_DERIVATIVE_WEIGHT_ADJUSTMENT | 200
NET-00380 | -2.2279 | 0.1171 | 0.4228 | COMPLIANT_CONVERGENCE_STEP | COMMIT_DERIVATIVE_WEIGHT_ADJUSTMENT | 200
NET-00381 | -3.2930 | 0.0347 | 0.1774 | COMPLIANT_CONVERGENCE_STEP | COMMIT_DERIVATIVE_WEIGHT_ADJUSTMENT | 200
NET-00382 | 0.0143 | -0.0059 | 0.0123 | COMPLIANT_CONVERGENCE_STEP | COMMIT_DERIVATIVE_WEIGHT_ADJUSTMENT | 200
NET-00383 | -0.5557 | -0.0292 | 0.0748 | COMPLIANT_CONVERGENCE_STEP | COMMIT_DERIVATIVE_WEIGHT_ADJUSTMENT | 200
NET-00384 | 2.4976 | -0.1331 | 0.5188 | COMPLIANT_CONVERGENCE_STEP | COMMIT_DERIVATIVE_WEIGHT_ADJUSTMENT | 200
NET-00385 | 2.0223 | -0.0557 | 0.1717 | COMPLIANT_CONVERGENCE_STEP | COMMIT_DERIVATIVE_WEIGHT_ADJUSTMENT | 200
NET-00386 | 1.5754 | 0.1253 | 0.3539 | COMPLIANT_CONVERGENCE_STEP | COMMIT_DERIVATIVE_WEIGHT_ADJUSTMENT | 200
NET-00387 | -0.8912 | -0.1333 | 0.2603 | COMPLIANT_CONVERGENCE_STEP | COMMIT_DERIVATIVE_WEIGHT_ADJUSTMENT | 200
NET-00388 | -2.2375 | -0.0100 | 0.0347 | COMPLIANT_CONVERGENCE_STEP | COMMIT_DERIVATIVE_WEIGHT_ADJUSTMENT | 200
NET-00389 | 0.8386 | -0.0759 | 0.1744 | COMPLIANT_CONVERGENCE_STEP | COMMIT_DERIVATIVE_WEIGHT_ADJUSTMENT | 200
NET-00390 | 1.2408 | -0.1440 | 0.4023 | COMPLIANT_CONVERGENCE_STEP | COMMIT_DERIVATIVE_WEIGHT_ADJUSTMENT | 200
NET-00391 | 3.4040 | 0.1707 | 0.8921 | COMPLIANT_CONVERGENCE_STEP | COMMIT_DERIVATIVE_WEIGHT_ADJUSTMENT | 200
NET-00392 | 0.5569 | 0.0187 | 0.0407 | COMPLIANT_CONVERGENCE_STEP | COMMIT_DERIVATIVE_WEIGHT_ADJUSTMENT | 200
NET-00393 | -0.5394 | 0.0594 | 0.0679 | COMPLIANT_CONVERGENCE_STEP | COMMIT_DERIVATIVE_WEIGHT_ADJUSTMENT | 200
NET-00394 | 2.8224 | 0.1770 | 0.7956 | COMPLIANT_CONVERGENCE_STEP | COMMIT_DERIVATIVE_WEIGHT_ADJUSTMENT | 200
NET-00395 | -2.1835 | -0.0147 | 0.0563 | COMPLIANT_CONVERGENCE_STEP | COMMIT_DERIVATIVE_WEIGHT_ADJUSTMENT | 200
NET-00396 | 3.0562 | -0.2727 | 1.2840 | COMPLIANT_CONVERGENCE_STEP | COMMIT_DERIVATIVE_WEIGHT_ADJUSTMENT | 200
NET-00397 | 3.2993 | 0.2271 | 1.1587 | COMPLIANT_CONVERGENCE_STEP | COMMIT_DERIVATIVE_WEIGHT_ADJUSTMENT | 200
NET-00398 | 1.0839 | -0.0054 | 0.0176 | COMPLIANT_CONVERGENCE_STEP | COMMIT_DERIVATIVE_WEIGHT_ADJUSTMENT | 200
NET-00399 | 1.0358 | -0.0669 | 0.1520 | COMPLIANT_CONVERGENCE_STEP | COMMIT_DERIVATIVE_WEIGHT_ADJUSTMENT | 200
NET-00400 | 1.0899 | -0.0116 | 0.0269 | COMPLIANT_CONVERGENCE_STEP | COMMIT_DERIVATIVE_WEIGHT_ADJUSTMENT | 200
NET-00401 | -1.8522 | 0.0303 | 0.1086 | COMPLIANT_CONVERGENCE_STEP | COMMIT_DERIVATIVE_WEIGHT_ADJUSTMENT | 200
NET-00402 | 3.7735 | 0.1176 | 0.6970 | COMPLIANT_CONVERGENCE_STEP | COMMIT_DERIVATIVE_WEIGHT_ADJUSTMENT | 200
NET-00403 | 0.3145 | -0.0295 | 0.0207 | COMPLIANT_CONVERGENCE_STEP | COMMIT_DERIVATIVE_WEIGHT_ADJUSTMENT | 200
NET-00404 | 2.5304 | 0.0432 | 0.1680 | COMPLIANT_CONVERGENCE_STEP | COMMIT_DERIVATIVE_WEIGHT_ADJUSTMENT | 200
NET-00405 | -1.6313 | 0.2341 | 0.5989 | COMPLIANT_CONVERGENCE_STEP | COMMIT_DERIVATIVE_WEIGHT_ADJUSTMENT | 200
NET-00406 | 2.0118 | -0.1423 | 0.5180 | COMPLIANT_CONVERGENCE_STEP | COMMIT_DERIVATIVE_WEIGHT_ADJUSTMENT | 200
NET-00407 | -0.2310 | -0.0953 | 0.0987 | COMPLIANT_CONVERGENCE_STEP | COMMIT_DERIVATIVE_WEIGHT_ADJUSTMENT | 200
NET-00408 | -2.0263 | 0.0007 | 0.0033 | COMPLIANT_CONVERGENCE_STEP | COMMIT_DERIVATIVE_WEIGHT_ADJUSTMENT | 200
NET-00409 | 0.8923 | -0.0011 | 0.0045 | COMPLIANT_CONVERGENCE_STEP | COMMIT_DERIVATIVE_WEIGHT_ADJUSTMENT | 200
NET-00410 | -2.3018 | -0.1042 | 0.4036 | COMPLIANT_CONVERGENCE_STEP | COMMIT_DERIVATIVE_WEIGHT_ADJUSTMENT | 200
NET-00411 | -1.6783 | -0.0141 | 0.0372 | COMPLIANT_CONVERGENCE_STEP | COMMIT_DERIVATIVE_WEIGHT_ADJUSTMENT | 200
NET-00412 | 3.8136 | -0.1274 | 0.7519 | COMPLIANT_CONVERGENCE_STEP | COMMIT_DERIVATIVE_WEIGHT_ADJUSTMENT | 200
NET-00413 | 2.7661 | 0.0461 | 0.2052 | COMPLIANT_CONVERGENCE_STEP | COMMIT_DERIVATIVE_WEIGHT_ADJUSTMENT | 200
NET-00414 | 1.9391 | -0.1446 | 0.5686 | COMPLIANT_CONVERGENCE_STEP | COMMIT_DERIVATIVE_WEIGHT_ADJUSTMENT | 200
NET-00415 | 0.7792 | -0.0264 | 0.0338 | COMPLIANT_CONVERGENCE_STEP | COMMIT_DERIVATIVE_WEIGHT_ADJUSTMENT | 200
NET-00416 | -1.7915 | -0.0167 | 0.0621 | COMPLIANT_CONVERGENCE_STEP | COMMIT_DERIVATIVE_WEIGHT_ADJUSTMENT | 200
NET-00417 | -0.8604 | 0.1368 | 0.2530 | COMPLIANT_CONVERGENCE_STEP | COMMIT_DERIVATIVE_WEIGHT_ADJUSTMENT | 200
NET-00418 | 0.4461 | -0.0298 | 0.0843 | COMPLIANT_CONVERGENCE_STEP | COMMIT_DERIVATIVE_WEIGHT_ADJUSTMENT | 200
NET-00419 | 2.5546 | 0.1017 | 0.4605 | COMPLIANT_CONVERGENCE_STEP | COMMIT_DERIVATIVE_WEIGHT_ADJUSTMENT | 200
NET-00420 | 1.8757 | 0.0669 | 0.1917 | COMPLIANT_CONVERGENCE_STEP | COMMIT_DERIVATIVE_WEIGHT_ADJUSTMENT | 200
NET-00421 | 2.8302 | 0.0744 | 0.3333 | COMPLIANT_CONVERGENCE_STEP | COMMIT_DERIVATIVE_WEIGHT_ADJUSTMENT | 200
NET-00422 | 3.2353 | 0.0789 | 0.4223 | COMPLIANT_CONVERGENCE_STEP | COMMIT_DERIVATIVE_WEIGHT_ADJUSTMENT | 200
NET-00423 | -3.2579 | -0.1978 | 0.9894 | COMPLIANT_CONVERGENCE_STEP | COMMIT_DERIVATIVE_WEIGHT_ADJUSTMENT | 200
NET-00424 | 0.0966 | -0.1358 | 0.0388 | COMPLIANT_CONVERGENCE_STEP | COMMIT_DERIVATIVE_WEIGHT_ADJUSTMENT | 200
NET-00425 | -1.9402 | -0.1520 | 0.6006 | COMPLIANT_CONVERGENCE_STEP | COMMIT_DERIVATIVE_WEIGHT_ADJUSTMENT | 200
NET-00426 | -0.9683 | 0.1371 | 0.3737 | COMPLIANT_CONVERGENCE_STEP | COMMIT_DERIVATIVE_WEIGHT_ADJUSTMENT | 200
NET-00427 | 0.8551 | -0.0295 | 0.0773 | COMPLIANT_CONVERGENCE_STEP | COMMIT_DERIVATIVE_WEIGHT_ADJUSTMENT | 200
NET-00428 | 0.8722 | 0.1343 | 0.4945 | COMPLIANT_CONVERGENCE_STEP | COMMIT_DERIVATIVE_WEIGHT_ADJUSTMENT | 200
NET-00429 | -0.2794 | 0.0894 | 0.1224 | COMPLIANT_CONVERGENCE_STEP | COMMIT_DERIVATIVE_WEIGHT_ADJUSTMENT | 200
NET-00430 | -3.4667 | 0.1656 | 0.9077 | COMPLIANT_CONVERGENCE_STEP | COMMIT_DERIVATIVE_WEIGHT_ADJUSTMENT | 200
NET-00431 | -2.4439 | -0.0964 | 0.3662 | COMPLIANT_CONVERGENCE_STEP | COMMIT_DERIVATIVE_WEIGHT_ADJUSTMENT | 200
NET-00432 | 0.5106 | 0.0266 | 0.0664 | COMPLIANT_CONVERGENCE_STEP | COMMIT_DERIVATIVE_WEIGHT_ADJUSTMENT | 200
NET-00433 | -0.8564 | -0.1237 | 0.3832 | COMPLIANT_CONVERGENCE_STEP | COMMIT_DERIVATIVE_WEIGHT_ADJUSTMENT | 200
NET-00434 | -1.6738 | -0.0181 | 0.0642 | COMPLIANT_CONVERGENCE_STEP | COMMIT_DERIVATIVE_WEIGHT_ADJUSTMENT | 200
NET-00435 | -3.9069 | -0.1663 | 1.0318 | COMPLIANT_CONVERGENCE_STEP | COMMIT_DERIVATIVE_WEIGHT_ADJUSTMENT | 200
NET-00436 | 1.5360 | 0.1245 | 0.2943 | COMPLIANT_CONVERGENCE_STEP | COMMIT_DERIVATIVE_WEIGHT_ADJUSTMENT | 200
NET-00437 | -2.1176 | -0.0465 | 0.1796 | COMPLIANT_CONVERGENCE_STEP | COMMIT_DERIVATIVE_WEIGHT_ADJUSTMENT | 200
NET-00438 | 2.3939 | -0.1626 | 0.6007 | COMPLIANT_CONVERGENCE_STEP | COMMIT_DERIVATIVE_WEIGHT_ADJUSTMENT | 200
NET-00439 | 1.0911 | 0.0835 | 0.1600 | COMPLIANT_CONVERGENCE_STEP | COMMIT_DERIVATIVE_WEIGHT_ADJUSTMENT | 200
NET-00440 | -1.3418 | -0.0374 | 0.1381 | COMPLIANT_CONVERGENCE_STEP | COMMIT_DERIVATIVE_WEIGHT_ADJUSTMENT | 200
NET-00441 | -2.5598 | 0.0694 | 0.2863 | COMPLIANT_CONVERGENCE_STEP | COMMIT_DERIVATIVE_WEIGHT_ADJUSTMENT | 200
NET-00442 | 2.7455 | -0.0182 | 0.0839 | COMPLIANT_CONVERGENCE_STEP | COMMIT_DERIVATIVE_WEIGHT_ADJUSTMENT | 200
NET-00443 | -1.5459 | 0.1290 | 0.3442 | COMPLIANT_CONVERGENCE_STEP | COMMIT_DERIVATIVE_WEIGHT_ADJUSTMENT | 200
NET-00444 | -1.8020 | 0.1138 | 0.3644 | COMPLIANT_CONVERGENCE_STEP | COMMIT_DERIVATIVE_WEIGHT_ADJUSTMENT | 200
NET-00445 | 2.0423 | -0.2300 | 0.7385 | COMPLIANT_CONVERGENCE_STEP | COMMIT_DERIVATIVE_WEIGHT_ADJUSTMENT | 200
NET-00446 | 3.3151 | -0.0010 | 0.0049 | COMPLIANT_CONVERGENCE_STEP | COMMIT_DERIVATIVE_WEIGHT_ADJUSTMENT | 200
NET-00447 | 3.6856 | -0.0787 | 0.4432 | COMPLIANT_CONVERGENCE_STEP | COMMIT_DERIVATIVE_WEIGHT_ADJUSTMENT | 200
NET-00448 | 2.5156 | 0.0972 | 0.3866 | COMPLIANT_CONVERGENCE_STEP | COMMIT_DERIVATIVE_WEIGHT_ADJUSTMENT | 200
NET-00449 | 0.6746 | 0.0795 | 0.2258 | COMPLIANT_CONVERGENCE_STEP | COMMIT_DERIVATIVE_WEIGHT_ADJUSTMENT | 200
NET-00450 | -1.9319 | -0.0453 | 0.1688 | COMPLIANT_CONVERGENCE_STEP | COMMIT_DERIVATIVE_WEIGHT_ADJUSTMENT | 200
NET-00451 | 2.3962 | 0.1331 | 0.4922 | COMPLIANT_CONVERGENCE_STEP | COMMIT_DERIVATIVE_WEIGHT_ADJUSTMENT | 200
NET-00452 | -1.1393 | 0.0443 | 0.1412 | COMPLIANT_CONVERGENCE_STEP | COMMIT_DERIVATIVE_WEIGHT_ADJUSTMENT | 200
NET-00453 | -0.6251 | 0.0108 | 0.0105 | COMPLIANT_CONVERGENCE_STEP | COMMIT_DERIVATIVE_WEIGHT_ADJUSTMENT | 200
NET-00454 | 2.9055 | -0.0325 | 0.1454 | COMPLIANT_CONVERGENCE_STEP | COMMIT_DERIVATIVE_WEIGHT_ADJUSTMENT | 200
NET-00455 | -2.5215 | 0.0867 | 0.3458 | COMPLIANT_CONVERGENCE_STEP | COMMIT_DERIVATIVE_WEIGHT_ADJUSTMENT | 200
NET-00456 | 1.0974 | -0.0526 | 0.1406 | COMPLIANT_CONVERGENCE_STEP | COMMIT_DERIVATIVE_WEIGHT_ADJUSTMENT | 200
NET-00457 | -2.6842 | -0.0007 | 0.0032 | COMPLIANT_CONVERGENCE_STEP | COMMIT_DERIVATIVE_WEIGHT_ADJUSTMENT | 200
NET-00458 | -0.5872 | -0.0687 | 0.0761 | COMPLIANT_CONVERGENCE_STEP | COMMIT_DERIVATIVE_WEIGHT_ADJUSTMENT | 200
NET-00459 | -2.5623 | 0.1629 | 0.6914 | COMPLIANT_CONVERGENCE_STEP | COMMIT_DERIVATIVE_WEIGHT_ADJUSTMENT | 200
NET-00460 | -1.9420 | 0.0592 | 0.2067 | COMPLIANT_CONVERGENCE_STEP | COMMIT_DERIVATIVE_WEIGHT_ADJUSTMENT | 200
NET-00461 | -3.8582 | -0.1025 | 0.6334 | COMPLIANT_CONVERGENCE_STEP | COMMIT_DERIVATIVE_WEIGHT_ADJUSTMENT | 200
NET-00462 | -0.3267 | -0.0945 | 0.2105 | COMPLIANT_CONVERGENCE_STEP | COMMIT_DERIVATIVE_WEIGHT_ADJUSTMENT | 200
NET-00463 | 1.0803 | 0.1362 | 0.3042 | COMPLIANT_CONVERGENCE_STEP | COMMIT_DERIVATIVE_WEIGHT_ADJUSTMENT | 200
NET-00464 | 0.2760 | -0.0373 | 0.0284 | COMPLIANT_CONVERGENCE_STEP | COMMIT_DERIVATIVE_WEIGHT_ADJUSTMENT | 200
NET-00465 | 2.3700 | 0.1809 | 0.7720 | COMPLIANT_CONVERGENCE_STEP | COMMIT_DERIVATIVE_WEIGHT_ADJUSTMENT | 200
NET-00466 | 0.2107 | 0.0009 | 0.0017 | COMPLIANT_CONVERGENCE_STEP | COMMIT_DERIVATIVE_WEIGHT_ADJUSTMENT | 200
NET-00467 | -0.9323 | -0.1719 | 0.3290 | COMPLIANT_CONVERGENCE_STEP | COMMIT_DERIVATIVE_WEIGHT_ADJUSTMENT | 200
NET-00468 | 3.6284 | 0.0378 | 0.2203 | COMPLIANT_CONVERGENCE_STEP | COMMIT_DERIVATIVE_WEIGHT_ADJUSTMENT | 200
NET-00469 | -1.5435 | 0.1201 | 0.3129 | COMPLIANT_CONVERGENCE_STEP | COMMIT_DERIVATIVE_WEIGHT_ADJUSTMENT | 200
NET-00470 | 2.5817 | -0.1364 | 0.5958 | COMPLIANT_CONVERGENCE_STEP | COMMIT_DERIVATIVE_WEIGHT_ADJUSTMENT | 200
NET-00471 | -2.0152 | 0.1950 | 0.8467 | COMPLIANT_CONVERGENCE_STEP | COMMIT_DERIVATIVE_WEIGHT_ADJUSTMENT | 200
NET-00472 | 1.3147 | 0.0436 | 0.1894 | COMPLIANT_CONVERGENCE_STEP | COMMIT_DERIVATIVE_WEIGHT_ADJUSTMENT | 200
NET-00473 | -4.0184 | -0.0267 | 0.1671 | COMPLIANT_CONVERGENCE_STEP | COMMIT_DERIVATIVE_WEIGHT_ADJUSTMENT | 200
NET-00474 | 1.6068 | 0.0342 | 0.1203 | COMPLIANT_CONVERGENCE_STEP | COMMIT_DERIVATIVE_WEIGHT_ADJUSTMENT | 200
NET-00475 | 0.0574 | 0.0216 | 0.0057 | COMPLIANT_CONVERGENCE_STEP | COMMIT_DERIVATIVE_WEIGHT_ADJUSTMENT | 200
NET-00476 | 1.7331 | -0.1152 | 0.5125 | COMPLIANT_CONVERGENCE_STEP | COMMIT_DERIVATIVE_WEIGHT_ADJUSTMENT | 200
NET-00477 | -1.3776 | -0.0444 | 0.1708 | COMPLIANT_CONVERGENCE_STEP | COMMIT_DERIVATIVE_WEIGHT_ADJUSTMENT | 200
NET-00478 | -0.5946 | -0.0148 | 0.0282 | COMPLIANT_CONVERGENCE_STEP | COMMIT_DERIVATIVE_WEIGHT_ADJUSTMENT | 200
NET-00479 | 3.9756 | -0.0068 | 0.0420 | COMPLIANT_CONVERGENCE_STEP | COMMIT_DERIVATIVE_WEIGHT_ADJUSTMENT | 200
NET-00480 | -0.7883 | -0.0225 | 0.0464 | COMPLIANT_CONVERGENCE_STEP | COMMIT_DERIVATIVE_WEIGHT_ADJUSTMENT | 200
NET-00481 | 1.4792 | -0.0023 | 0.0057 | COMPLIANT_CONVERGENCE_STEP | COMMIT_DERIVATIVE_WEIGHT_ADJUSTMENT | 200
NET-00482 | -0.0219 | -0.0355 | 0.0732 | COMPLIANT_CONVERGENCE_STEP | COMMIT_DERIVATIVE_WEIGHT_ADJUSTMENT | 200
NET-00483 | -1.6627 | 0.0807 | 0.2835 | COMPLIANT_CONVERGENCE_STEP | COMMIT_DERIVATIVE_WEIGHT_ADJUSTMENT | 200
NET-00484 | 1.8706 | -0.0004 | 0.0012 | COMPLIANT_CONVERGENCE_STEP | COMMIT_DERIVATIVE_WEIGHT_ADJUSTMENT | 200
NET-00485 | 0.6196 | 0.0933 | 0.0888 | COMPLIANT_CONVERGENCE_STEP | COMMIT_DERIVATIVE_WEIGHT_ADJUSTMENT | 200
NET-00486 | 0.8613 | -0.0030 | 0.0113 | COMPLIANT_CONVERGENCE_STEP | COMMIT_DERIVATIVE_WEIGHT_ADJUSTMENT | 200
NET-00487 | -2.6552 | 0.1002 | 0.4381 | COMPLIANT_CONVERGENCE_STEP | COMMIT_DERIVATIVE_WEIGHT_ADJUSTMENT | 200
NET-00488 | -2.4660 | 0.1229 | 0.5006 | COMPLIANT_CONVERGENCE_STEP | COMMIT_DERIVATIVE_WEIGHT_ADJUSTMENT | 200
NET-00489 | 2.3953 | -0.0491 | 0.2058 | COMPLIANT_CONVERGENCE_STEP | COMMIT_DERIVATIVE_WEIGHT_ADJUSTMENT | 200
NET-00490 | 2.7209 | -0.0409 | 0.1719 | COMPLIANT_CONVERGENCE_STEP | COMMIT_DERIVATIVE_WEIGHT_ADJUSTMENT | 200
NET-00491 | 0.4145 | -0.0833 | 0.1186 | COMPLIANT_CONVERGENCE_STEP | COMMIT_DERIVATIVE_WEIGHT_ADJUSTMENT | 200
NET-00492 | 1.6626 | 0.0352 | 0.1028 | COMPLIANT_CONVERGENCE_STEP | COMMIT_DERIVATIVE_WEIGHT_ADJUSTMENT | 200
NET-00493 | -2.1824 | -0.0498 | 0.1717 | COMPLIANT_CONVERGENCE_STEP | COMMIT_DERIVATIVE_WEIGHT_ADJUSTMENT | 200
NET-00494 | -1.5162 | -0.0631 | 0.1797 | COMPLIANT_CONVERGENCE_STEP | COMMIT_DERIVATIVE_WEIGHT_ADJUSTMENT | 200
NET-00495 | -0.2540 | -0.0446 | 0.0175 | COMPLIANT_CONVERGENCE_STEP | COMMIT_DERIVATIVE_WEIGHT_ADJUSTMENT | 200
NET-00496 | -0.8560 | 0.0819 | 0.1155 | COMPLIANT_CONVERGENCE_STEP | COMMIT_DERIVATIVE_WEIGHT_ADJUSTMENT | 200
NET-00497 | 0.2542 | -0.0154 | 0.0119 | COMPLIANT_CONVERGENCE_STEP | COMMIT_DERIVATIVE_WEIGHT_ADJUSTMENT | 200
NET-00498 | -3.7076 | -0.0406 | 0.2328 | COMPLIANT_CONVERGENCE_STEP | COMMIT_DERIVATIVE_WEIGHT_ADJUSTMENT | 200
NET-00499 | 1.3071 | -0.0017 | 0.0074 | COMPLIANT_CONVERGENCE_STEP | COMMIT_DERIVATIVE_WEIGHT_ADJUSTMENT | 200
NET-00500 | 3.1970 | 0.1926 | 0.9646 | COMPLIANT_CONVERGENCE_STEP | COMMIT_DERIVATIVE_WEIGHT_ADJUSTMENT | 200
NET-00501 | 0.1366 | -0.0204 | 0.0410 | COMPLIANT_CONVERGENCE_STEP | COMMIT_DERIVATIVE_WEIGHT_ADJUSTMENT | 200
NET-00502 | -0.6247 | -0.2160 | 0.3892 | COMPLIANT_CONVERGENCE_STEP | COMMIT_DERIVATIVE_WEIGHT_ADJUSTMENT | 200
NET-00503 | -1.3716 | 0.0425 | 0.0897 | COMPLIANT_CONVERGENCE_STEP | COMMIT_DERIVATIVE_WEIGHT_ADJUSTMENT | 200
NET-00504 | 0.4152 | 0.0646 | 0.1993 | COMPLIANT_CONVERGENCE_STEP | COMMIT_DERIVATIVE_WEIGHT_ADJUSTMENT | 200
NET-00505 | 2.0278 | -0.0764 | 0.2570 | COMPLIANT_CONVERGENCE_STEP | COMMIT_DERIVATIVE_WEIGHT_ADJUSTMENT | 200
NET-00506 | -0.7913 | -0.0486 | 0.1525 | COMPLIANT_CONVERGENCE_STEP | COMMIT_DERIVATIVE_WEIGHT_ADJUSTMENT | 200
NET-00507 | 1.2983 | -0.1539 | 0.5745 | COMPLIANT_CONVERGENCE_STEP | COMMIT_DERIVATIVE_WEIGHT_ADJUSTMENT | 200
NET-00508 | 2.1056 | 0.1015 | 0.3358 | COMPLIANT_CONVERGENCE_STEP | COMMIT_DERIVATIVE_WEIGHT_ADJUSTMENT | 200
NET-00509 | 1.5663 | -0.0953 | 0.3885 | COMPLIANT_CONVERGENCE_STEP | COMMIT_DERIVATIVE_WEIGHT_ADJUSTMENT | 200
NET-00510 | 0.1105 | -0.0449 | 0.1056 | COMPLIANT_CONVERGENCE_STEP | COMMIT_DERIVATIVE_WEIGHT_ADJUSTMENT | 200
NET-00511 | 2.0379 | -0.0285 | 0.1103 | COMPLIANT_CONVERGENCE_STEP | COMMIT_DERIVATIVE_WEIGHT_ADJUSTMENT | 200
NET-00512 | -1.7003 | -0.0165 | 0.0543 | COMPLIANT_CONVERGENCE_STEP | COMMIT_DERIVATIVE_WEIGHT_ADJUSTMENT | 200
NET-00513 | 2.7345 | -0.1302 | 0.5656 | COMPLIANT_CONVERGENCE_STEP | COMMIT_DERIVATIVE_WEIGHT_ADJUSTMENT | 200
NET-00514 | 2.1639 | -0.0864 | 0.3063 | COMPLIANT_CONVERGENCE_STEP | COMMIT_DERIVATIVE_WEIGHT_ADJUSTMENT | 200
NET-00515 | -3.1208 | 0.1273 | 0.6159 | COMPLIANT_CONVERGENCE_STEP | COMMIT_DERIVATIVE_WEIGHT_ADJUSTMENT | 200
NET-00516 | -4.2177 | -0.0934 | 0.6107 | COMPLIANT_CONVERGENCE_STEP | COMMIT_DERIVATIVE_WEIGHT_ADJUSTMENT | 200
NET-00517 | 0.7699 | -0.0212 | 0.0658 | COMPLIANT_CONVERGENCE_STEP | COMMIT_DERIVATIVE_WEIGHT_ADJUSTMENT | 200
NET-00518 | 1.9459 | 0.0012 | 0.0038 | COMPLIANT_CONVERGENCE_STEP | COMMIT_DERIVATIVE_WEIGHT_ADJUSTMENT | 200
NET-00519 | 2.3460 | 0.0157 | 0.0703 | COMPLIANT_CONVERGENCE_STEP | COMMIT_DERIVATIVE_WEIGHT_ADJUSTMENT | 200
NET-00520 | -2.7943 | 0.0309 | 0.1325 | COMPLIANT_CONVERGENCE_STEP | COMMIT_DERIVATIVE_WEIGHT_ADJUSTMENT | 200
NET-00521 | -0.0415 | -0.1093 | 0.1169 | COMPLIANT_CONVERGENCE_STEP | COMMIT_DERIVATIVE_WEIGHT_ADJUSTMENT | 200
NET-00522 | 0.4362 | -0.0106 | 0.0240 | COMPLIANT_CONVERGENCE_STEP | COMMIT_DERIVATIVE_WEIGHT_ADJUSTMENT | 200
NET-00523 | 3.4642 | 0.1147 | 0.6078 | COMPLIANT_CONVERGENCE_STEP | COMMIT_DERIVATIVE_WEIGHT_ADJUSTMENT | 200
NET-00524 | 2.4838 | 0.0183 | 0.0698 | COMPLIANT_CONVERGENCE_STEP | COMMIT_DERIVATIVE_WEIGHT_ADJUSTMENT | 200
NET-00525 | 1.0643 | -0.0093 | 0.0291 | COMPLIANT_CONVERGENCE_STEP | COMMIT_DERIVATIVE_WEIGHT_ADJUSTMENT | 200
NET-00526 | 0.5051 | -0.1379 | 0.2093 | COMPLIANT_CONVERGENCE_STEP | COMMIT_DERIVATIVE_WEIGHT_ADJUSTMENT | 200
NET-00527 | 0.4016 | -0.0733 | 0.1340 | COMPLIANT_CONVERGENCE_STEP | COMMIT_DERIVATIVE_WEIGHT_ADJUSTMENT | 200
NET-00528 | -2.7974 | 0.1110 | 0.5285 | COMPLIANT_CONVERGENCE_STEP | COMMIT_DERIVATIVE_WEIGHT_ADJUSTMENT | 200
NET-00529 | -1.1204 | -0.2788 | 1.1498 | COMPLIANT_CONVERGENCE_STEP | COMMIT_DERIVATIVE_WEIGHT_ADJUSTMENT | 200
NET-00530 | 0.6028 | -0.0190 | 0.0678 | COMPLIANT_CONVERGENCE_STEP | COMMIT_DERIVATIVE_WEIGHT_ADJUSTMENT | 200
NET-00531 | 1.3097 | -0.1294 | 0.3669 | COMPLIANT_CONVERGENCE_STEP | COMMIT_DERIVATIVE_WEIGHT_ADJUSTMENT | 200
NET-00532 | 1.9644 | 0.0324 | 0.1474 | COMPLIANT_CONVERGENCE_STEP | COMMIT_DERIVATIVE_WEIGHT_ADJUSTMENT | 200
NET-00533 | 3.6214 | -0.0689 | 0.3830 | COMPLIANT_CONVERGENCE_STEP | COMMIT_DERIVATIVE_WEIGHT_ADJUSTMENT | 200
NET-00534 | 1.8732 | -0.0975 | 0.3837 | COMPLIANT_CONVERGENCE_STEP | COMMIT_DERIVATIVE_WEIGHT_ADJUSTMENT | 200
NET-00535 | 0.8636 | -0.1110 | 0.2763 | COMPLIANT_CONVERGENCE_STEP | COMMIT_DERIVATIVE_WEIGHT_ADJUSTMENT | 200
NET-00536 | 1.6304 | -0.0747 | 0.3052 | COMPLIANT_CONVERGENCE_STEP | COMMIT_DERIVATIVE_WEIGHT_ADJUSTMENT | 200
NET-00537 | 1.3636 | -0.0520 | 0.1670 | COMPLIANT_CONVERGENCE_STEP | COMMIT_DERIVATIVE_WEIGHT_ADJUSTMENT | 200
NET-00538 | -0.3534 | 0.0511 | 0.1228 | COMPLIANT_CONVERGENCE_STEP | COMMIT_DERIVATIVE_WEIGHT_ADJUSTMENT | 200
NET-00539 | -1.1115 | 0.0534 | 0.1153 | COMPLIANT_CONVERGENCE_STEP | COMMIT_DERIVATIVE_WEIGHT_ADJUSTMENT | 200
NET-00540 | -3.0847 | -0.0323 | 0.1533 | COMPLIANT_CONVERGENCE_STEP | COMMIT_DERIVATIVE_WEIGHT_ADJUSTMENT | 200
NET-00541 | 2.2673 | -0.0430 | 0.1808 | COMPLIANT_CONVERGENCE_STEP | COMMIT_DERIVATIVE_WEIGHT_ADJUSTMENT | 200
NET-00542 | -0.2241 | 0.0127 | 0.0199 | COMPLIANT_CONVERGENCE_STEP | COMMIT_DERIVATIVE_WEIGHT_ADJUSTMENT | 200
NET-00543 | -2.7328 | -0.1042 | 0.4549 | COMPLIANT_CONVERGENCE_STEP | COMMIT_DERIVATIVE_WEIGHT_ADJUSTMENT | 200
NET-00544 | 0.6897 | -0.1222 | 0.1934 | COMPLIANT_CONVERGENCE_STEP | COMMIT_DERIVATIVE_WEIGHT_ADJUSTMENT | 200
NET-00545 | 2.0312 | 0.0976 | 0.3665 | COMPLIANT_CONVERGENCE_STEP | COMMIT_DERIVATIVE_WEIGHT_ADJUSTMENT | 200
NET-00546 | -0.8011 | 0.0941 | 0.1264 | COMPLIANT_CONVERGENCE_STEP | COMMIT_DERIVATIVE_WEIGHT_ADJUSTMENT | 200
NET-00547 | -0.9451 | 0.0361 | 0.1274 | COMPLIANT_CONVERGENCE_STEP | COMMIT_DERIVATIVE_WEIGHT_ADJUSTMENT | 200
NET-00548 | 1.3404 | -0.0156 | 0.0318 | COMPLIANT_CONVERGENCE_STEP | COMMIT_DERIVATIVE_WEIGHT_ADJUSTMENT | 200
NET-00549 | 0.4167 | 0.0501 | 0.0404 | COMPLIANT_CONVERGENCE_STEP | COMMIT_DERIVATIVE_WEIGHT_ADJUSTMENT | 200
NET-00550 | 3.0309 | -0.1270 | 0.6306 | COMPLIANT_CONVERGENCE_STEP | COMMIT_DERIVATIVE_WEIGHT_ADJUSTMENT | 200
NET-00551 | 0.6063 | -0.0409 | 0.0510 | COMPLIANT_CONVERGENCE_STEP | COMMIT_DERIVATIVE_WEIGHT_ADJUSTMENT | 200
NET-00552 | 3.4136 | 0.0518 | 0.2760 | COMPLIANT_CONVERGENCE_STEP | COMMIT_DERIVATIVE_WEIGHT_ADJUSTMENT | 200
NET-00553 | -0.6748 | 0.1437 | 0.2961 | COMPLIANT_CONVERGENCE_STEP | COMMIT_DERIVATIVE_WEIGHT_ADJUSTMENT | 200
NET-00554 | -1.0769 | 0.1217 | 0.3728 | COMPLIANT_CONVERGENCE_STEP | COMMIT_DERIVATIVE_WEIGHT_ADJUSTMENT | 200
NET-00555 | 3.6727 | 0.0161 | 0.0927 | COMPLIANT_CONVERGENCE_STEP | COMMIT_DERIVATIVE_WEIGHT_ADJUSTMENT | 200
NET-00556 | -2.0528 | 0.1960 | 0.7702 | COMPLIANT_CONVERGENCE_STEP | COMMIT_DERIVATIVE_WEIGHT_ADJUSTMENT | 200
NET-00557 | -2.2708 | -0.1039 | 0.3774 | COMPLIANT_CONVERGENCE_STEP | COMMIT_DERIVATIVE_WEIGHT_ADJUSTMENT | 200
NET-00558 | -2.1500 | 0.0518 | 0.2193 | COMPLIANT_CONVERGENCE_STEP | COMMIT_DERIVATIVE_WEIGHT_ADJUSTMENT | 200
NET-00559 | 2.9078 | -0.3014 | 1.4397 | COMPLIANT_CONVERGENCE_STEP | COMMIT_DERIVATIVE_WEIGHT_ADJUSTMENT | 200
NET-00560 | 0.7490 | -0.2016 | 0.2411 | COMPLIANT_CONVERGENCE_STEP | COMMIT_DERIVATIVE_WEIGHT_ADJUSTMENT | 200
NET-00561 | 0.3137 | 0.0498 | 0.1037 | COMPLIANT_CONVERGENCE_STEP | COMMIT_DERIVATIVE_WEIGHT_ADJUSTMENT | 200
NET-00562 | -2.4011 | -0.0056 | 0.0206 | COMPLIANT_CONVERGENCE_STEP | COMMIT_DERIVATIVE_WEIGHT_ADJUSTMENT | 200
NET-00563 | -0.6940 | -0.0510 | 0.1720 | COMPLIANT_CONVERGENCE_STEP | COMMIT_DERIVATIVE_WEIGHT_ADJUSTMENT | 200
NET-00564 | -1.4883 | -0.1126 | 0.4896 | COMPLIANT_CONVERGENCE_STEP | COMMIT_DERIVATIVE_WEIGHT_ADJUSTMENT | 200
NET-00565 | -0.5642 | 0.1853 | 0.2452 | COMPLIANT_CONVERGENCE_STEP | COMMIT_DERIVATIVE_WEIGHT_ADJUSTMENT | 200
NET-00566 | 1.2353 | 0.2194 | 0.4609 | COMPLIANT_CONVERGENCE_STEP | COMMIT_DERIVATIVE_WEIGHT_ADJUSTMENT | 200
NET-00567 | 0.1987 | 0.0511 | 0.0833 | COMPLIANT_CONVERGENCE_STEP | COMMIT_DERIVATIVE_WEIGHT_ADJUSTMENT | 200
NET-00568 | 0.3206 | -0.0633 | 0.0894 | COMPLIANT_CONVERGENCE_STEP | COMMIT_DERIVATIVE_WEIGHT_ADJUSTMENT | 200
NET-00569 | 1.5315 | 0.0280 | 0.1056 | COMPLIANT_CONVERGENCE_STEP | COMMIT_DERIVATIVE_WEIGHT_ADJUSTMENT | 200
NET-00570 | -2.3268 | -0.1498 | 0.6153 | COMPLIANT_CONVERGENCE_STEP | COMMIT_DERIVATIVE_WEIGHT_ADJUSTMENT | 200
NET-00571 | 0.3957 | 0.1281 | 0.1021 | COMPLIANT_CONVERGENCE_STEP | COMMIT_DERIVATIVE_WEIGHT_ADJUSTMENT | 200
NET-00572 | 0.4455 | 0.2747 | 0.7905 | COMPLIANT_CONVERGENCE_STEP | COMMIT_DERIVATIVE_WEIGHT_ADJUSTMENT | 200
NET-00573 | -0.0281 | -0.0644 | 0.0655 | COMPLIANT_CONVERGENCE_STEP | COMMIT_DERIVATIVE_WEIGHT_ADJUSTMENT | 200
NET-00574 | 0.8305 | 0.1054 | 0.1349 | COMPLIANT_CONVERGENCE_STEP | COMMIT_DERIVATIVE_WEIGHT_ADJUSTMENT | 200
NET-00575 | 3.1320 | 0.2829 | 1.3438 | COMPLIANT_CONVERGENCE_STEP | COMMIT_DERIVATIVE_WEIGHT_ADJUSTMENT | 200
NET-00576 | 2.2605 | -0.0016 | 0.0067 | COMPLIANT_CONVERGENCE_STEP | COMMIT_DERIVATIVE_WEIGHT_ADJUSTMENT | 200
NET-00577 | -3.6542 | -0.0832 | 0.4886 | COMPLIANT_CONVERGENCE_STEP | COMMIT_DERIVATIVE_WEIGHT_ADJUSTMENT | 200
NET-00578 | 2.2411 | 0.0250 | 0.0994 | COMPLIANT_CONVERGENCE_STEP | COMMIT_DERIVATIVE_WEIGHT_ADJUSTMENT | 200
NET-00579 | 0.4099 | 0.0480 | 0.0499 | COMPLIANT_CONVERGENCE_STEP | COMMIT_DERIVATIVE_WEIGHT_ADJUSTMENT | 200
NET-00580 | -1.8988 | 0.0407 | 0.1190 | COMPLIANT_CONVERGENCE_STEP | COMMIT_DERIVATIVE_WEIGHT_ADJUSTMENT | 200
NET-00581 | 0.9653 | 0.0409 | 0.1092 | COMPLIANT_CONVERGENCE_STEP | COMMIT_DERIVATIVE_WEIGHT_ADJUSTMENT | 200
NET-00582 | 1.6455 | 0.1438 | 0.6336 | COMPLIANT_CONVERGENCE_STEP | COMMIT_DERIVATIVE_WEIGHT_ADJUSTMENT | 200
NET-00583 | -0.0534 | 0.0722 | 0.0060 | COMPLIANT_CONVERGENCE_STEP | COMMIT_DERIVATIVE_WEIGHT_ADJUSTMENT | 200
NET-00584 | -0.8427 | -0.0294 | 0.0456 | COMPLIANT_CONVERGENCE_STEP | COMMIT_DERIVATIVE_WEIGHT_ADJUSTMENT | 200
NET-00585 | 0.5196 | -0.0382 | 0.0461 | COMPLIANT_CONVERGENCE_STEP | COMMIT_DERIVATIVE_WEIGHT_ADJUSTMENT | 200
NET-00586 | -1.9327 | 0.0089 | 0.0265 | COMPLIANT_CONVERGENCE_STEP | COMMIT_DERIVATIVE_WEIGHT_ADJUSTMENT | 200
NET-00587 | -1.1021 | 0.1719 | 0.6538 | COMPLIANT_CONVERGENCE_STEP | COMMIT_DERIVATIVE_WEIGHT_ADJUSTMENT | 200
NET-00588 | -2.7892 | 0.0401 | 0.1717 | COMPLIANT_CONVERGENCE_STEP | COMMIT_DERIVATIVE_WEIGHT_ADJUSTMENT | 200
NET-00589 | -1.3769 | 0.2467 | 0.8176 | COMPLIANT_CONVERGENCE_STEP | COMMIT_DERIVATIVE_WEIGHT_ADJUSTMENT | 200
NET-00590 | -2.7822 | -0.0268 | 0.1142 | COMPLIANT_CONVERGENCE_STEP | COMMIT_DERIVATIVE_WEIGHT_ADJUSTMENT | 200
NET-00591 | -3.2046 | -0.1484 | 0.7368 | COMPLIANT_CONVERGENCE_STEP | COMMIT_DERIVATIVE_WEIGHT_ADJUSTMENT | 200
NET-00592 | -0.1263 | 0.1485 | 0.2547 | COMPLIANT_CONVERGENCE_STEP | COMMIT_DERIVATIVE_WEIGHT_ADJUSTMENT | 200
NET-00593 | -2.0550 | 0.0803 | 0.2605 | COMPLIANT_CONVERGENCE_STEP | COMMIT_DERIVATIVE_WEIGHT_ADJUSTMENT | 200
NET-00594 | -0.9841 | -0.0265 | 0.0413 | COMPLIANT_CONVERGENCE_STEP | COMMIT_DERIVATIVE_WEIGHT_ADJUSTMENT | 200
NET-00595 | 3.5207 | -0.1281 | 0.6992 | COMPLIANT_CONVERGENCE_STEP | COMMIT_DERIVATIVE_WEIGHT_ADJUSTMENT | 200
NET-00596 | -1.0360 | 0.0461 | 0.1008 | COMPLIANT_CONVERGENCE_STEP | COMMIT_DERIVATIVE_WEIGHT_ADJUSTMENT | 200
NET-00597 | 1.7567 | 0.0890 | 0.2501 | COMPLIANT_CONVERGENCE_STEP | COMMIT_DERIVATIVE_WEIGHT_ADJUSTMENT | 200
NET-00598 | -1.9422 | 0.2102 | 0.6674 | COMPLIANT_CONVERGENCE_STEP | COMMIT_DERIVATIVE_WEIGHT_ADJUSTMENT | 200
NET-00599 | -1.1582 | -0.0126 | 0.0349 | COMPLIANT_CONVERGENCE_STEP | COMMIT_DERIVATIVE_WEIGHT_ADJUSTMENT | 200
NET-00600 | -1.5837 | -0.2049 | 0.8486 | COMPLIANT_CONVERGENCE_STEP | COMMIT_DERIVATIVE_WEIGHT_ADJUSTMENT | 200
NET-00601 | -2.3909 | -0.0176 | 0.0648 | COMPLIANT_CONVERGENCE_STEP | COMMIT_DERIVATIVE_WEIGHT_ADJUSTMENT | 200
NET-00602 | 0.1149 | 0.0195 | 0.0506 | COMPLIANT_CONVERGENCE_STEP | COMMIT_DERIVATIVE_WEIGHT_ADJUSTMENT | 200
NET-00603 | -2.7267 | -0.0253 | 0.1064 | COMPLIANT_CONVERGENCE_STEP | COMMIT_DERIVATIVE_WEIGHT_ADJUSTMENT | 200
NET-00604 | -1.8509 | 0.0342 | 0.1263 | COMPLIANT_CONVERGENCE_STEP | COMMIT_DERIVATIVE_WEIGHT_ADJUSTMENT | 200
NET-00605 | -0.6382 | 0.1197 | 0.4252 | COMPLIANT_CONVERGENCE_STEP | COMMIT_DERIVATIVE_WEIGHT_ADJUSTMENT | 200
NET-00606 | -0.2701 | -0.0815 | 0.0341 | COMPLIANT_CONVERGENCE_STEP | COMMIT_DERIVATIVE_WEIGHT_ADJUSTMENT | 200
NET-00607 | -0.2985 | -0.0092 | 0.0262 | COMPLIANT_CONVERGENCE_STEP | COMMIT_DERIVATIVE_WEIGHT_ADJUSTMENT | 200
NET-00608 | -0.0912 | 0.0052 | 0.0070 | COMPLIANT_CONVERGENCE_STEP | COMMIT_DERIVATIVE_WEIGHT_ADJUSTMENT | 200
NET-00609 | -0.6445 | 0.0948 | 0.1449 | COMPLIANT_CONVERGENCE_STEP | COMMIT_DERIVATIVE_WEIGHT_ADJUSTMENT | 200
NET-00610 | 2.5629 | -0.1092 | 0.4823 | COMPLIANT_CONVERGENCE_STEP | COMMIT_DERIVATIVE_WEIGHT_ADJUSTMENT | 200
NET-00611 | -3.8474 | -0.0639 | 0.3781 | COMPLIANT_CONVERGENCE_STEP | COMMIT_DERIVATIVE_WEIGHT_ADJUSTMENT | 200
NET-00612 | 3.4363 | 0.1074 | 0.6038 | COMPLIANT_CONVERGENCE_STEP | COMMIT_DERIVATIVE_WEIGHT_ADJUSTMENT | 200
NET-00613 | 1.5867 | -0.0910 | 0.2436 | COMPLIANT_CONVERGENCE_STEP | COMMIT_DERIVATIVE_WEIGHT_ADJUSTMENT | 200
NET-00614 | -3.2570 | 0.0731 | 0.3657 | COMPLIANT_CONVERGENCE_STEP | COMMIT_DERIVATIVE_WEIGHT_ADJUSTMENT | 200
NET-00615 | 2.8470 | 0.0957 | 0.4151 | COMPLIANT_CONVERGENCE_STEP | COMMIT_DERIVATIVE_WEIGHT_ADJUSTMENT | 200
NET-00616 | 3.8048 | 0.0816 | 0.4824 | COMPLIANT_CONVERGENCE_STEP | COMMIT_DERIVATIVE_WEIGHT_ADJUSTMENT | 200
NET-00617 | -2.1718 | 0.1916 | 0.7676 | COMPLIANT_CONVERGENCE_STEP | COMMIT_DERIVATIVE_WEIGHT_ADJUSTMENT | 200
NET-00618 | -0.6083 | -0.0514 | 0.1055 | COMPLIANT_CONVERGENCE_STEP | COMMIT_DERIVATIVE_WEIGHT_ADJUSTMENT | 200
NET-00619 | 0.7222 | 0.1647 | 0.4732 | COMPLIANT_CONVERGENCE_STEP | COMMIT_DERIVATIVE_WEIGHT_ADJUSTMENT | 200
NET-00620 | 2.0695 | 0.1055 | 0.3368 | COMPLIANT_CONVERGENCE_STEP | COMMIT_DERIVATIVE_WEIGHT_ADJUSTMENT | 200
NET-00621 | -2.8383 | 0.1868 | 0.8204 | COMPLIANT_CONVERGENCE_STEP | COMMIT_DERIVATIVE_WEIGHT_ADJUSTMENT | 200
NET-00622 | -3.0605 | -0.0540 | 0.2625 | COMPLIANT_CONVERGENCE_STEP | COMMIT_DERIVATIVE_WEIGHT_ADJUSTMENT | 200
NET-00623 | -0.5726 | 0.0078 | 0.0092 | COMPLIANT_CONVERGENCE_STEP | COMMIT_DERIVATIVE_WEIGHT_ADJUSTMENT | 200
NET-00624 | -1.4316 | 0.0058 | 0.0183 | COMPLIANT_CONVERGENCE_STEP | COMMIT_DERIVATIVE_WEIGHT_ADJUSTMENT | 200
NET-00625 | 1.0892 | 0.0914 | 0.1566 | COMPLIANT_CONVERGENCE_STEP | COMMIT_DERIVATIVE_WEIGHT_ADJUSTMENT | 200
NET-00626 | -2.3127 | 0.0761 | 0.3220 | COMPLIANT_CONVERGENCE_STEP | COMMIT_DERIVATIVE_WEIGHT_ADJUSTMENT | 200
NET-00627 | 1.0943 | -0.0416 | 0.1216 | COMPLIANT_CONVERGENCE_STEP | COMMIT_DERIVATIVE_WEIGHT_ADJUSTMENT | 200
NET-00628 | 0.8527 | 0.0214 | 0.0476 | COMPLIANT_CONVERGENCE_STEP | COMMIT_DERIVATIVE_WEIGHT_ADJUSTMENT | 200
NET-00629 | -2.8094 | -0.0809 | 0.3674 | COMPLIANT_CONVERGENCE_STEP | COMMIT_DERIVATIVE_WEIGHT_ADJUSTMENT | 200
NET-00630 | -1.1347 | 0.0797 | 0.1791 | COMPLIANT_CONVERGENCE_STEP | COMMIT_DERIVATIVE_WEIGHT_ADJUSTMENT | 200
NET-00631 | 0.8256 | -0.0479 | 0.0913 | COMPLIANT_CONVERGENCE_STEP | COMMIT_DERIVATIVE_WEIGHT_ADJUSTMENT | 200
NET-00632 | 1.6677 | -0.1815 | 0.6428 | COMPLIANT_CONVERGENCE_STEP | COMMIT_DERIVATIVE_WEIGHT_ADJUSTMENT | 200
NET-00633 | 1.6571 | -0.0576 | 0.2186 | COMPLIANT_CONVERGENCE_STEP | COMMIT_DERIVATIVE_WEIGHT_ADJUSTMENT | 200
NET-00634 | 1.2638 | 0.0466 | 0.1246 | COMPLIANT_CONVERGENCE_STEP | COMMIT_DERIVATIVE_WEIGHT_ADJUSTMENT | 200
NET-00635 | -3.0905 | -0.0775 | 0.3636 | COMPLIANT_CONVERGENCE_STEP | COMMIT_DERIVATIVE_WEIGHT_ADJUSTMENT | 200
NET-00636 | -0.8609 | 0.0111 | 0.0173 | COMPLIANT_CONVERGENCE_STEP | COMMIT_DERIVATIVE_WEIGHT_ADJUSTMENT | 200
NET-00637 | -1.3224 | -0.0276 | 0.0924 | COMPLIANT_CONVERGENCE_STEP | COMMIT_DERIVATIVE_WEIGHT_ADJUSTMENT | 200
NET-00638 | -2.4085 | 0.0045 | 0.0170 | COMPLIANT_CONVERGENCE_STEP | COMMIT_DERIVATIVE_WEIGHT_ADJUSTMENT | 200
NET-00639 | -2.8646 | -0.0211 | 0.1013 | COMPLIANT_CONVERGENCE_STEP | COMMIT_DERIVATIVE_WEIGHT_ADJUSTMENT | 200
NET-00640 | -1.4000 | -0.0368 | 0.0844 | COMPLIANT_CONVERGENCE_STEP | COMMIT_DERIVATIVE_WEIGHT_ADJUSTMENT | 200
NET-00641 | -2.2452 | 0.0875 | 0.3816 | COMPLIANT_CONVERGENCE_STEP | COMMIT_DERIVATIVE_WEIGHT_ADJUSTMENT | 200
NET-00642 | 0.2110 | 0.1173 | 0.2737 | COMPLIANT_CONVERGENCE_STEP | COMMIT_DERIVATIVE_WEIGHT_ADJUSTMENT | 200
NET-00643 | -2.6674 | 0.1046 | 0.4324 | COMPLIANT_CONVERGENCE_STEP | COMMIT_DERIVATIVE_WEIGHT_ADJUSTMENT | 200
NET-00644 | -1.5259 | 0.1305 | 0.3047 | COMPLIANT_CONVERGENCE_STEP | COMMIT_DERIVATIVE_WEIGHT_ADJUSTMENT | 200
NET-00645 | -0.8510 | 0.1063 | 0.3810 | COMPLIANT_CONVERGENCE_STEP | COMMIT_DERIVATIVE_WEIGHT_ADJUSTMENT | 200
NET-00646 | 2.7682 | -0.0388 | 0.1654 | COMPLIANT_CONVERGENCE_STEP | COMMIT_DERIVATIVE_WEIGHT_ADJUSTMENT | 200
NET-00647 | -0.9146 | 0.0749 | 0.2268 | COMPLIANT_CONVERGENCE_STEP | COMMIT_DERIVATIVE_WEIGHT_ADJUSTMENT | 200
NET-00648 | 1.0665 | -0.0582 | 0.1013 | COMPLIANT_CONVERGENCE_STEP | COMMIT_DERIVATIVE_WEIGHT_ADJUSTMENT | 200
NET-00649 | 1.9419 | -0.0119 | 0.0359 | COMPLIANT_CONVERGENCE_STEP | COMMIT_DERIVATIVE_WEIGHT_ADJUSTMENT | 200
NET-00650 | 0.1260 | 0.1968 | 0.0614 | COMPLIANT_CONVERGENCE_STEP | COMMIT_DERIVATIVE_WEIGHT_ADJUSTMENT | 200
NET-00651 | -1.5927 | -0.1113 | 0.4193 | COMPLIANT_CONVERGENCE_STEP | COMMIT_DERIVATIVE_WEIGHT_ADJUSTMENT | 200
NET-00652 | 0.6409 | -0.0830 | 0.0988 | COMPLIANT_CONVERGENCE_STEP | COMMIT_DERIVATIVE_WEIGHT_ADJUSTMENT | 200
NET-00653 | 0.9359 | 0.0976 | 0.1487 | COMPLIANT_CONVERGENCE_STEP | COMMIT_DERIVATIVE_WEIGHT_ADJUSTMENT | 200
NET-00654 | 2.8929 | -0.0542 | 0.2625 | COMPLIANT_CONVERGENCE_STEP | COMMIT_DERIVATIVE_WEIGHT_ADJUSTMENT | 200
NET-00655 | -1.3006 | 0.0513 | 0.1234 | COMPLIANT_CONVERGENCE_STEP | COMMIT_DERIVATIVE_WEIGHT_ADJUSTMENT | 200
NET-00656 | -2.0116 | -0.0540 | 0.1889 | COMPLIANT_CONVERGENCE_STEP | COMMIT_DERIVATIVE_WEIGHT_ADJUSTMENT | 200
NET-00657 | -2.3875 | 0.0673 | 0.2577 | COMPLIANT_CONVERGENCE_STEP | COMMIT_DERIVATIVE_WEIGHT_ADJUSTMENT | 200
NET-00658 | -2.0036 | 0.1183 | 0.4097 | COMPLIANT_CONVERGENCE_STEP | COMMIT_DERIVATIVE_WEIGHT_ADJUSTMENT | 200
NET-00659 | 1.7981 | 0.0393 | 0.1193 | COMPLIANT_CONVERGENCE_STEP | COMMIT_DERIVATIVE_WEIGHT_ADJUSTMENT | 200
NET-00660 | -0.0901 | 0.0011 | 0.0010 | COMPLIANT_CONVERGENCE_STEP | COMMIT_DERIVATIVE_WEIGHT_ADJUSTMENT | 200
NET-00661 | -0.7951 | 0.0194 | 0.0264 | COMPLIANT_CONVERGENCE_STEP | COMMIT_DERIVATIVE_WEIGHT_ADJUSTMENT | 200
NET-00662 | 1.6912 | 0.1070 | 0.4745 | COMPLIANT_CONVERGENCE_STEP | COMMIT_DERIVATIVE_WEIGHT_ADJUSTMENT | 200
NET-00663 | 1.5421 | 0.0378 | 0.1034 | COMPLIANT_CONVERGENCE_STEP | COMMIT_DERIVATIVE_WEIGHT_ADJUSTMENT | 200
NET-00664 | -2.2172 | -0.0985 | 0.3297 | COMPLIANT_CONVERGENCE_STEP | COMMIT_DERIVATIVE_WEIGHT_ADJUSTMENT | 200
NET-00665 | -2.8047 | -0.0661 | 0.2833 | COMPLIANT_CONVERGENCE_STEP | COMMIT_DERIVATIVE_WEIGHT_ADJUSTMENT | 200
NET-00666 | -1.4430 | -0.0335 | 0.1052 | COMPLIANT_CONVERGENCE_STEP | COMMIT_DERIVATIVE_WEIGHT_ADJUSTMENT | 200
NET-00667 | -0.3442 | 0.0842 | 0.2063 | COMPLIANT_CONVERGENCE_STEP | COMMIT_DERIVATIVE_WEIGHT_ADJUSTMENT | 200
NET-00668 | -2.5773 | -0.1733 | 0.6766 | COMPLIANT_CONVERGENCE_STEP | COMMIT_DERIVATIVE_WEIGHT_ADJUSTMENT | 200
NET-00669 | -2.6789 | 0.0828 | 0.3394 | COMPLIANT_CONVERGENCE_STEP | COMMIT_DERIVATIVE_WEIGHT_ADJUSTMENT | 200
NET-00670 | -0.7000 | -0.0494 | 0.0963 | COMPLIANT_CONVERGENCE_STEP | COMMIT_DERIVATIVE_WEIGHT_ADJUSTMENT | 200
NET-00671 | -2.4621 | -0.1571 | 0.5878 | COMPLIANT_CONVERGENCE_STEP | COMMIT_DERIVATIVE_WEIGHT_ADJUSTMENT | 200
NET-00672 | 2.6887 | -0.0756 | 0.3160 | COMPLIANT_CONVERGENCE_STEP | COMMIT_DERIVATIVE_WEIGHT_ADJUSTMENT | 200
NET-00673 | -3.2247 | -0.0036 | 0.0176 | COMPLIANT_CONVERGENCE_STEP | COMMIT_DERIVATIVE_WEIGHT_ADJUSTMENT | 200
NET-00674 | 1.1140 | 0.0572 | 0.1370 | COMPLIANT_CONVERGENCE_STEP | COMMIT_DERIVATIVE_WEIGHT_ADJUSTMENT | 200
NET-00675 | -1.8149 | -0.1322 | 0.4528 | COMPLIANT_CONVERGENCE_STEP | COMMIT_DERIVATIVE_WEIGHT_ADJUSTMENT | 200
NET-00676 | 3.5533 | 0.1211 | 0.6599 | COMPLIANT_CONVERGENCE_STEP | COMMIT_DERIVATIVE_WEIGHT_ADJUSTMENT | 200
NET-00677 | -1.8977 | 0.1040 | 0.3677 | COMPLIANT_CONVERGENCE_STEP | COMMIT_DERIVATIVE_WEIGHT_ADJUSTMENT | 200
NET-00678 | 0.8016 | 0.0401 | 0.1161 | COMPLIANT_CONVERGENCE_STEP | COMMIT_DERIVATIVE_WEIGHT_ADJUSTMENT | 200
NET-00679 | 3.9963 | -0.1875 | 1.1646 | COMPLIANT_CONVERGENCE_STEP | COMMIT_DERIVATIVE_WEIGHT_ADJUSTMENT | 200
NET-00680 | 2.1390 | -0.0413 | 0.1454 | COMPLIANT_CONVERGENCE_STEP | COMMIT_DERIVATIVE_WEIGHT_ADJUSTMENT | 200
NET-00681 | 2.6565 | 0.1072 | 0.4361 | COMPLIANT_CONVERGENCE_STEP | COMMIT_DERIVATIVE_WEIGHT_ADJUSTMENT | 200
NET-00682 | -2.5455 | 0.0116 | 0.0475 | COMPLIANT_CONVERGENCE_STEP | COMMIT_DERIVATIVE_WEIGHT_ADJUSTMENT | 200
NET-00683 | -0.4136 | 0.0695 | 0.2214 | COMPLIANT_CONVERGENCE_STEP | COMMIT_DERIVATIVE_WEIGHT_ADJUSTMENT | 200
NET-00684 | 1.3948 | 0.0671 | 0.1436 | COMPLIANT_CONVERGENCE_STEP | COMMIT_DERIVATIVE_WEIGHT_ADJUSTMENT | 200
NET-00685 | 3.0784 | -0.1162 | 0.5501 | COMPLIANT_CONVERGENCE_STEP | COMMIT_DERIVATIVE_WEIGHT_ADJUSTMENT | 200
NET-00686 | 1.8923 | 0.1508 | 0.5919 | COMPLIANT_CONVERGENCE_STEP | COMMIT_DERIVATIVE_WEIGHT_ADJUSTMENT | 200
NET-00687 | 1.6227 | -0.1699 | 0.5435 | COMPLIANT_CONVERGENCE_STEP | COMMIT_DERIVATIVE_WEIGHT_ADJUSTMENT | 200
NET-00688 | -1.0521 | -0.0911 | 0.1828 | COMPLIANT_CONVERGENCE_STEP | COMMIT_DERIVATIVE_WEIGHT_ADJUSTMENT | 200
NET-00689 | 1.6423 | -0.1066 | 0.2824 | COMPLIANT_CONVERGENCE_STEP | COMMIT_DERIVATIVE_WEIGHT_ADJUSTMENT | 200
NET-00690 | -1.5788 | 0.0390 | 0.1122 | COMPLIANT_CONVERGENCE_STEP | COMMIT_DERIVATIVE_WEIGHT_ADJUSTMENT | 200
NET-00691 | -1.1650 | 0.0069 | 0.0125 | COMPLIANT_CONVERGENCE_STEP | COMMIT_DERIVATIVE_WEIGHT_ADJUSTMENT | 200
NET-00692 | -0.7575 | 0.1376 | 0.1658 | COMPLIANT_CONVERGENCE_STEP | COMMIT_DERIVATIVE_WEIGHT_ADJUSTMENT | 200
NET-00693 | 1.6290 | 0.0675 | 0.2533 | COMPLIANT_CONVERGENCE_STEP | COMMIT_DERIVATIVE_WEIGHT_ADJUSTMENT | 200
NET-00694 | -1.4437 | -0.0624 | 0.1524 | COMPLIANT_CONVERGENCE_STEP | COMMIT_DERIVATIVE_WEIGHT_ADJUSTMENT | 200
NET-00695 | -3.8255 | -0.1609 | 0.9730 | COMPLIANT_CONVERGENCE_STEP | COMMIT_DERIVATIVE_WEIGHT_ADJUSTMENT | 200
NET-00696 | 0.6056 | 0.1135 | 0.1182 | COMPLIANT_CONVERGENCE_STEP | COMMIT_DERIVATIVE_WEIGHT_ADJUSTMENT | 200
NET-00697 | -1.8234 | 0.0495 | 0.1400 | COMPLIANT_CONVERGENCE_STEP | COMMIT_DERIVATIVE_WEIGHT_ADJUSTMENT | 200
NET-00698 | 1.0919 | 0.0175 | 0.0331 | COMPLIANT_CONVERGENCE_STEP | COMMIT_DERIVATIVE_WEIGHT_ADJUSTMENT | 200
NET-00699 | -2.9363 | 0.1539 | 0.6986 | COMPLIANT_CONVERGENCE_STEP | COMMIT_DERIVATIVE_WEIGHT_ADJUSTMENT | 200
NET-00700 | -0.9924 | -0.0650 | 0.1390 | COMPLIANT_CONVERGENCE_STEP | COMMIT_DERIVATIVE_WEIGHT_ADJUSTMENT | 200
NET-00701 | 0.1278 | 0.0728 | 0.0216 | COMPLIANT_CONVERGENCE_STEP | COMMIT_DERIVATIVE_WEIGHT_ADJUSTMENT | 200
NET-00702 | -4.2295 | 0.0023 | 0.0155 | COMPLIANT_CONVERGENCE_STEP | COMMIT_DERIVATIVE_WEIGHT_ADJUSTMENT | 200
NET-00703 | 0.2176 | 0.0450 | 0.1001 | COMPLIANT_CONVERGENCE_STEP | COMMIT_DERIVATIVE_WEIGHT_ADJUSTMENT | 200
NET-00704 | -0.6549 | 0.0717 | 0.2491 | COMPLIANT_CONVERGENCE_STEP | COMMIT_DERIVATIVE_WEIGHT_ADJUSTMENT | 200
NET-00705 | -3.5034 | -0.0185 | 0.0989 | COMPLIANT_CONVERGENCE_STEP | COMMIT_DERIVATIVE_WEIGHT_ADJUSTMENT | 200
NET-00706 | 1.9658 | 0.0305 | 0.1360 | COMPLIANT_CONVERGENCE_STEP | COMMIT_DERIVATIVE_WEIGHT_ADJUSTMENT | 200
NET-00707 | 0.1480 | 0.0358 | 0.0795 | COMPLIANT_CONVERGENCE_STEP | COMMIT_DERIVATIVE_WEIGHT_ADJUSTMENT | 200
NET-00708 | 2.6091 | 0.0726 | 0.2910 | COMPLIANT_CONVERGENCE_STEP | COMMIT_DERIVATIVE_WEIGHT_ADJUSTMENT | 200
NET-00709 | 0.0642 | -0.0395 | 0.1091 | COMPLIANT_CONVERGENCE_STEP | COMMIT_DERIVATIVE_WEIGHT_ADJUSTMENT | 200
NET-00710 | 1.7428 | -0.1730 | 0.4766 | COMPLIANT_CONVERGENCE_STEP | COMMIT_DERIVATIVE_WEIGHT_ADJUSTMENT | 200
NET-00711 | 0.6871 | -0.0142 | 0.0346 | COMPLIANT_CONVERGENCE_STEP | COMMIT_DERIVATIVE_WEIGHT_ADJUSTMENT | 200
NET-00712 | 0.5178 | -0.0982 | 0.0881 | COMPLIANT_CONVERGENCE_STEP | COMMIT_DERIVATIVE_WEIGHT_ADJUSTMENT | 200
NET-00713 | 0.3169 | 0.1404 | 0.1443 | COMPLIANT_CONVERGENCE_STEP | COMMIT_DERIVATIVE_WEIGHT_ADJUSTMENT | 200
NET-00714 | -0.1233 | -0.0205 | 0.0176 | COMPLIANT_CONVERGENCE_STEP | COMMIT_DERIVATIVE_WEIGHT_ADJUSTMENT | 200
NET-00715 | 0.6859 | 0.1067 | 0.3376 | COMPLIANT_CONVERGENCE_STEP | COMMIT_DERIVATIVE_WEIGHT_ADJUSTMENT | 200
NET-00716 | 3.2237 | 0.1535 | 0.7557 | COMPLIANT_CONVERGENCE_STEP | COMMIT_DERIVATIVE_WEIGHT_ADJUSTMENT | 200
NET-00717 | 1.5100 | 0.0689 | 0.2071 | COMPLIANT_CONVERGENCE_STEP | COMMIT_DERIVATIVE_WEIGHT_ADJUSTMENT | 200
NET-00718 | 1.2734 | -0.1186 | 0.5129 | COMPLIANT_CONVERGENCE_STEP | COMMIT_DERIVATIVE_WEIGHT_ADJUSTMENT | 200
NET-00719 | -3.3747 | -0.1049 | 0.5492 | COMPLIANT_CONVERGENCE_STEP | COMMIT_DERIVATIVE_WEIGHT_ADJUSTMENT | 200
NET-00720 | 2.8634 | -0.0706 | 0.3470 | COMPLIANT_CONVERGENCE_STEP | COMMIT_DERIVATIVE_WEIGHT_ADJUSTMENT | 200
NET-00721 | 1.3782 | 0.1769 | 0.7180 | COMPLIANT_CONVERGENCE_STEP | COMMIT_DERIVATIVE_WEIGHT_ADJUSTMENT | 200
NET-00722 | -2.8033 | 0.0351 | 0.1531 | COMPLIANT_CONVERGENCE_STEP | COMMIT_DERIVATIVE_WEIGHT_ADJUSTMENT | 200
NET-00723 | -3.4898 | -0.0217 | 0.1162 | COMPLIANT_CONVERGENCE_STEP | COMMIT_DERIVATIVE_WEIGHT_ADJUSTMENT | 200
NET-00724 | 1.5656 | -0.0331 | 0.0815 | COMPLIANT_CONVERGENCE_STEP | COMMIT_DERIVATIVE_WEIGHT_ADJUSTMENT | 200
NET-00725 | 0.7662 | 0.1774 | 0.2197 | COMPLIANT_CONVERGENCE_STEP | COMMIT_DERIVATIVE_WEIGHT_ADJUSTMENT | 200
NET-00726 | 2.6496 | 0.0569 | 0.2319 | COMPLIANT_CONVERGENCE_STEP | COMMIT_DERIVATIVE_WEIGHT_ADJUSTMENT | 200
NET-00727 | -0.7857 | -0.0077 | 0.0258 | COMPLIANT_CONVERGENCE_STEP | COMMIT_DERIVATIVE_WEIGHT_ADJUSTMENT | 200
NET-00728 | 2.5995 | -0.0954 | 0.3878 | COMPLIANT_CONVERGENCE_STEP | COMMIT_DERIVATIVE_WEIGHT_ADJUSTMENT | 200
NET-00729 | -0.9860 | 0.2130 | 0.5747 | COMPLIANT_CONVERGENCE_STEP | COMMIT_DERIVATIVE_WEIGHT_ADJUSTMENT | 200
NET-00730 | -1.9802 | 0.0031 | 0.0100 | COMPLIANT_CONVERGENCE_STEP | COMMIT_DERIVATIVE_WEIGHT_ADJUSTMENT | 200
NET-00731 | -2.8054 | -0.0135 | 0.0581 | COMPLIANT_CONVERGENCE_STEP | COMMIT_DERIVATIVE_WEIGHT_ADJUSTMENT | 200
NET-00732 | 1.9531 | -0.1031 | 0.3223 | COMPLIANT_CONVERGENCE_STEP | COMMIT_DERIVATIVE_WEIGHT_ADJUSTMENT | 200
NET-00733 | 2.3906 | -0.0847 | 0.3606 | COMPLIANT_CONVERGENCE_STEP | COMMIT_DERIVATIVE_WEIGHT_ADJUSTMENT | 200
NET-00734 | -1.2998 | -0.0316 | 0.1036 | COMPLIANT_CONVERGENCE_STEP | COMMIT_DERIVATIVE_WEIGHT_ADJUSTMENT | 200
NET-00735 | -2.2392 | 0.1045 | 0.4266 | COMPLIANT_CONVERGENCE_STEP | COMMIT_DERIVATIVE_WEIGHT_ADJUSTMENT | 200
NET-00736 | 1.3499 | 0.1901 | 0.6542 | COMPLIANT_CONVERGENCE_STEP | COMMIT_DERIVATIVE_WEIGHT_ADJUSTMENT | 200
NET-00737 | -2.2072 | 0.0497 | 0.2108 | COMPLIANT_CONVERGENCE_STEP | COMMIT_DERIVATIVE_WEIGHT_ADJUSTMENT | 200
NET-00738 | 1.7387 | -0.1187 | 0.3532 | COMPLIANT_CONVERGENCE_STEP | COMMIT_DERIVATIVE_WEIGHT_ADJUSTMENT | 200
NET-00739 | -1.8423 | -0.1356 | 0.5110 | COMPLIANT_CONVERGENCE_STEP | COMMIT_DERIVATIVE_WEIGHT_ADJUSTMENT | 200
NET-00740 | 0.6324 | -0.0584 | 0.1587 | COMPLIANT_CONVERGENCE_STEP | COMMIT_DERIVATIVE_WEIGHT_ADJUSTMENT | 200
NET-00741 | 0.2118 | -0.0370 | 0.0321 | COMPLIANT_CONVERGENCE_STEP | COMMIT_DERIVATIVE_WEIGHT_ADJUSTMENT | 200
NET-00742 | -0.3371 | -0.0621 | 0.1191 | COMPLIANT_CONVERGENCE_STEP | COMMIT_DERIVATIVE_WEIGHT_ADJUSTMENT | 200
NET-00743 | 2.4655 | 0.0622 | 0.2433 | COMPLIANT_CONVERGENCE_STEP | COMMIT_DERIVATIVE_WEIGHT_ADJUSTMENT | 200
NET-00744 | 1.1745 | 0.0218 | 0.0594 | COMPLIANT_CONVERGENCE_STEP | COMMIT_DERIVATIVE_WEIGHT_ADJUSTMENT | 200
NET-00745 | -2.0018 | -0.1702 | 0.5215 | COMPLIANT_CONVERGENCE_STEP | COMMIT_DERIVATIVE_WEIGHT_ADJUSTMENT | 200
NET-00746 | 1.4737 | 0.0707 | 0.2557 | COMPLIANT_CONVERGENCE_STEP | COMMIT_DERIVATIVE_WEIGHT_ADJUSTMENT | 200
NET-00747 | -0.9398 | -0.1541 | 0.2230 | COMPLIANT_CONVERGENCE_STEP | COMMIT_DERIVATIVE_WEIGHT_ADJUSTMENT | 200
NET-00748 | 1.3969 | 0.0380 | 0.1098 | COMPLIANT_CONVERGENCE_STEP | COMMIT_DERIVATIVE_WEIGHT_ADJUSTMENT | 200
NET-00749 | 1.4088 | -0.1669 | 0.6137 | COMPLIANT_CONVERGENCE_STEP | COMMIT_DERIVATIVE_WEIGHT_ADJUSTMENT | 200
NET-00750 | 0.3079 | 0.1382 | 0.1613 | COMPLIANT_CONVERGENCE_STEP | COMMIT_DERIVATIVE_WEIGHT_ADJUSTMENT | 200
NET-00751 | -1.9376 | -0.0555 | 0.1949 | COMPLIANT_CONVERGENCE_STEP | COMMIT_DERIVATIVE_WEIGHT_ADJUSTMENT | 200
NET-00752 | 2.0660 | 0.0579 | 0.2319 | COMPLIANT_CONVERGENCE_STEP | COMMIT_DERIVATIVE_WEIGHT_ADJUSTMENT | 200
NET-00753 | 1.5293 | 0.1363 | 0.3505 | COMPLIANT_CONVERGENCE_STEP | COMMIT_DERIVATIVE_WEIGHT_ADJUSTMENT | 200
NET-00754 | -0.5001 | -0.0268 | 0.0402 | COMPLIANT_CONVERGENCE_STEP | COMMIT_DERIVATIVE_WEIGHT_ADJUSTMENT | 200
NET-00755 | -3.4439 | -0.0445 | 0.2445 | COMPLIANT_CONVERGENCE_STEP | COMMIT_DERIVATIVE_WEIGHT_ADJUSTMENT | 200
NET-00756 | 2.4075 | 0.0575 | 0.2133 | COMPLIANT_CONVERGENCE_STEP | COMMIT_DERIVATIVE_WEIGHT_ADJUSTMENT | 200
NET-00757 | 0.8038 | 0.1372 | 0.1723 | COMPLIANT_CONVERGENCE_STEP | COMMIT_DERIVATIVE_WEIGHT_ADJUSTMENT | 200
NET-00758 | -1.0103 | 0.0465 | 0.1261 | COMPLIANT_CONVERGENCE_STEP | COMMIT_DERIVATIVE_WEIGHT_ADJUSTMENT | 200
NET-00759 | 1.6609 | -0.0290 | 0.1025 | COMPLIANT_CONVERGENCE_STEP | COMMIT_DERIVATIVE_WEIGHT_ADJUSTMENT | 200
NET-00760 | 3.0862 | -0.1012 | 0.5125 | COMPLIANT_CONVERGENCE_STEP | COMMIT_DERIVATIVE_WEIGHT_ADJUSTMENT | 200
NET-00761 | -0.9683 | -0.1020 | 0.3239 | COMPLIANT_CONVERGENCE_STEP | COMMIT_DERIVATIVE_WEIGHT_ADJUSTMENT | 200
NET-00762 | 0.4572 | 0.0179 | 0.0537 | COMPLIANT_CONVERGENCE_STEP | COMMIT_DERIVATIVE_WEIGHT_ADJUSTMENT | 200
NET-00763 | -1.8934 | -0.1509 | 0.4412 | COMPLIANT_CONVERGENCE_STEP | COMMIT_DERIVATIVE_WEIGHT_ADJUSTMENT | 200
NET-00764 | 1.6143 | -0.0393 | 0.0992 | COMPLIANT_CONVERGENCE_STEP | COMMIT_DERIVATIVE_WEIGHT_ADJUSTMENT | 200
NET-00765 | -1.6013 | 0.0618 | 0.2569 | COMPLIANT_CONVERGENCE_STEP | COMMIT_DERIVATIVE_WEIGHT_ADJUSTMENT | 200
NET-00766 | -1.0055 | 0.2017 | 0.6144 | COMPLIANT_CONVERGENCE_STEP | COMMIT_DERIVATIVE_WEIGHT_ADJUSTMENT | 200
NET-00767 | 1.4648 | 0.0113 | 0.0279 | COMPLIANT_CONVERGENCE_STEP | COMMIT_DERIVATIVE_WEIGHT_ADJUSTMENT | 200
NET-00768 | 3.0631 | 0.0102 | 0.0482 | COMPLIANT_CONVERGENCE_STEP | COMMIT_DERIVATIVE_WEIGHT_ADJUSTMENT | 200
NET-00769 | -0.9327 | -0.0793 | 0.1211 | COMPLIANT_CONVERGENCE_STEP | COMMIT_DERIVATIVE_WEIGHT_ADJUSTMENT | 200
NET-00770 | 1.3330 | -0.0660 | 0.1913 | COMPLIANT_CONVERGENCE_STEP | COMMIT_DERIVATIVE_WEIGHT_ADJUSTMENT | 200
NET-00771 | -0.9594 | 0.1387 | 0.4919 | COMPLIANT_CONVERGENCE_STEP | COMMIT_DERIVATIVE_WEIGHT_ADJUSTMENT | 200
NET-00772 | 2.7816 | -0.0353 | 0.1508 | COMPLIANT_CONVERGENCE_STEP | COMMIT_DERIVATIVE_WEIGHT_ADJUSTMENT | 200
NET-00773 | -3.1625 | -0.0123 | 0.0607 | COMPLIANT_CONVERGENCE_STEP | COMMIT_DERIVATIVE_WEIGHT_ADJUSTMENT | 200
NET-00774 | -0.4817 | -0.1473 | 0.1365 | COMPLIANT_CONVERGENCE_STEP | COMMIT_DERIVATIVE_WEIGHT_ADJUSTMENT | 200
NET-00775 | 1.6247 | -0.0987 | 0.2757 | COMPLIANT_CONVERGENCE_STEP | COMMIT_DERIVATIVE_WEIGHT_ADJUSTMENT | 200
NET-00776 | -1.8565 | -0.0471 | 0.1526 | COMPLIANT_CONVERGENCE_STEP | COMMIT_DERIVATIVE_WEIGHT_ADJUSTMENT | 200
NET-00777 | -0.1733 | -0.0144 | 0.0385 | COMPLIANT_CONVERGENCE_STEP | COMMIT_DERIVATIVE_WEIGHT_ADJUSTMENT | 200
NET-00778 | 2.4027 | -0.0392 | 0.1535 | COMPLIANT_CONVERGENCE_STEP | COMMIT_DERIVATIVE_WEIGHT_ADJUSTMENT | 200
NET-00779 | 1.4962 | -0.1233 | 0.2858 | COMPLIANT_CONVERGENCE_STEP | COMMIT_DERIVATIVE_WEIGHT_ADJUSTMENT | 200
NET-00780 | 1.7892 | 0.1449 | 0.4400 | COMPLIANT_CONVERGENCE_STEP | COMMIT_DERIVATIVE_WEIGHT_ADJUSTMENT | 200
NET-00781 | 2.6010 | 0.0322 | 0.1454 | COMPLIANT_CONVERGENCE_STEP | COMMIT_DERIVATIVE_WEIGHT_ADJUSTMENT | 200
NET-00782 | -0.8197 | 0.1009 | 0.2355 | COMPLIANT_CONVERGENCE_STEP | COMMIT_DERIVATIVE_WEIGHT_ADJUSTMENT | 200
NET-00783 | -2.9708 | 0.0203 | 0.1023 | COMPLIANT_CONVERGENCE_STEP | COMMIT_DERIVATIVE_WEIGHT_ADJUSTMENT | 200
NET-00784 | -1.8313 | -0.0904 | 0.2803 | COMPLIANT_CONVERGENCE_STEP | COMMIT_DERIVATIVE_WEIGHT_ADJUSTMENT | 200
NET-00785 | -2.9764 | 0.1258 | 0.5966 | COMPLIANT_CONVERGENCE_STEP | COMMIT_DERIVATIVE_WEIGHT_ADJUSTMENT | 200
NET-00786 | 3.2694 | 0.2320 | 1.1613 | COMPLIANT_CONVERGENCE_STEP | COMMIT_DERIVATIVE_WEIGHT_ADJUSTMENT | 200
NET-00787 | -0.9613 | 0.0536 | 0.1629 | COMPLIANT_CONVERGENCE_STEP | COMMIT_DERIVATIVE_WEIGHT_ADJUSTMENT | 200
NET-00788 | 0.3628 | -0.1035 | 0.1941 | COMPLIANT_CONVERGENCE_STEP | COMMIT_DERIVATIVE_WEIGHT_ADJUSTMENT | 200
NET-00789 | -1.6576 | -0.0388 | 0.1377 | COMPLIANT_CONVERGENCE_STEP | COMMIT_DERIVATIVE_WEIGHT_ADJUSTMENT | 200
NET-00790 | 1.0793 | -0.0638 | 0.2667 | COMPLIANT_CONVERGENCE_STEP | COMMIT_DERIVATIVE_WEIGHT_ADJUSTMENT | 200
NET-00791 | -2.7216 | 0.0638 | 0.2677 | COMPLIANT_CONVERGENCE_STEP | COMMIT_DERIVATIVE_WEIGHT_ADJUSTMENT | 200
NET-00792 | -1.0155 | 0.1347 | 0.4294 | COMPLIANT_CONVERGENCE_STEP | COMMIT_DERIVATIVE_WEIGHT_ADJUSTMENT | 200
NET-00793 | -0.1883 | -0.0526 | 0.0259 | COMPLIANT_CONVERGENCE_STEP | COMMIT_DERIVATIVE_WEIGHT_ADJUSTMENT | 200
NET-00794 | 1.4106 | 0.0559 | 0.1364 | COMPLIANT_CONVERGENCE_STEP | COMMIT_DERIVATIVE_WEIGHT_ADJUSTMENT | 200
NET-00795 | -2.6645 | -0.1932 | 0.8754 | COMPLIANT_CONVERGENCE_STEP | COMMIT_DERIVATIVE_WEIGHT_ADJUSTMENT | 200
NET-00796 | 1.9024 | -0.0880 | 0.3013 | COMPLIANT_CONVERGENCE_STEP | COMMIT_DERIVATIVE_WEIGHT_ADJUSTMENT | 200
NET-00797 | 3.8927 | -0.0081 | 0.0494 | COMPLIANT_CONVERGENCE_STEP | COMMIT_DERIVATIVE_WEIGHT_ADJUSTMENT | 200
NET-00798 | -0.0046 | 0.0573 | 0.0553 | COMPLIANT_CONVERGENCE_STEP | COMMIT_DERIVATIVE_WEIGHT_ADJUSTMENT | 200
NET-00799 | -0.3849 | -0.0157 | 0.0441 | COMPLIANT_CONVERGENCE_STEP | COMMIT_DERIVATIVE_WEIGHT_ADJUSTMENT | 200
NET-00800 | 3.4734 | -0.0293 | 0.1574 | COMPLIANT_CONVERGENCE_STEP | COMMIT_DERIVATIVE_WEIGHT_ADJUSTMENT | 200
NET-00801 | 0.3137 | -0.1051 | 0.2144 | COMPLIANT_CONVERGENCE_STEP | COMMIT_DERIVATIVE_WEIGHT_ADJUSTMENT | 200
NET-00802 | -3.3400 | 0.0314 | 0.1673 | COMPLIANT_CONVERGENCE_STEP | COMMIT_DERIVATIVE_WEIGHT_ADJUSTMENT | 200
NET-00803 | -0.9726 | 0.0626 | 0.1855 | COMPLIANT_CONVERGENCE_STEP | COMMIT_DERIVATIVE_WEIGHT_ADJUSTMENT | 200
NET-00804 | -0.8532 | -0.2101 | 0.6243 | COMPLIANT_CONVERGENCE_STEP | COMMIT_DERIVATIVE_WEIGHT_ADJUSTMENT | 200
NET-00805 | -0.5138 | 0.0051 | 0.0041 | COMPLIANT_CONVERGENCE_STEP | COMMIT_DERIVATIVE_WEIGHT_ADJUSTMENT | 200
NET-00806 | -0.1216 | -0.0897 | 0.2378 | COMPLIANT_CONVERGENCE_STEP | COMMIT_DERIVATIVE_WEIGHT_ADJUSTMENT | 200
NET-00807 | 1.7836 | 0.0616 | 0.2424 | COMPLIANT_CONVERGENCE_STEP | COMMIT_DERIVATIVE_WEIGHT_ADJUSTMENT | 200
NET-00808 | 3.5821 | -0.0903 | 0.5015 | COMPLIANT_CONVERGENCE_STEP | COMMIT_DERIVATIVE_WEIGHT_ADJUSTMENT | 200
NET-00809 | -0.2167 | -0.0268 | 0.0118 | COMPLIANT_CONVERGENCE_STEP | COMMIT_DERIVATIVE_WEIGHT_ADJUSTMENT | 200
NET-00810 | -2.9634 | 0.2448 | 1.1209 | COMPLIANT_CONVERGENCE_STEP | COMMIT_DERIVATIVE_WEIGHT_ADJUSTMENT | 200
NET-00811 | 3.6955 | -0.2236 | 1.2656 | COMPLIANT_CONVERGENCE_STEP | COMMIT_DERIVATIVE_WEIGHT_ADJUSTMENT | 200
NET-00812 | 1.6137 | -0.0988 | 0.3083 | COMPLIANT_CONVERGENCE_STEP | COMMIT_DERIVATIVE_WEIGHT_ADJUSTMENT | 200
NET-00813 | -2.7824 | 0.0425 | 0.1813 | COMPLIANT_CONVERGENCE_STEP | COMMIT_DERIVATIVE_WEIGHT_ADJUSTMENT | 200
NET-00814 | 3.6617 | 0.1675 | 0.9374 | COMPLIANT_CONVERGENCE_STEP | COMMIT_DERIVATIVE_WEIGHT_ADJUSTMENT | 200
NET-00815 | 2.0296 | -0.0163 | 0.0569 | COMPLIANT_CONVERGENCE_STEP | COMMIT_DERIVATIVE_WEIGHT_ADJUSTMENT | 200
NET-00816 | -0.7591 | -0.0116 | 0.0226 | COMPLIANT_CONVERGENCE_STEP | COMMIT_DERIVATIVE_WEIGHT_ADJUSTMENT | 200
NET-00817 | 0.5556 | -0.0312 | 0.0280 | COMPLIANT_CONVERGENCE_STEP | COMMIT_DERIVATIVE_WEIGHT_ADJUSTMENT | 200
NET-00818 | 0.9319 | -0.0426 | 0.1381 | COMPLIANT_CONVERGENCE_STEP | COMMIT_DERIVATIVE_WEIGHT_ADJUSTMENT | 200
NET-00819 | -1.0981 | -0.0484 | 0.1988 | COMPLIANT_CONVERGENCE_STEP | COMMIT_DERIVATIVE_WEIGHT_ADJUSTMENT | 200
NET-00820 | -0.5272 | -0.1407 | 0.2091 | COMPLIANT_CONVERGENCE_STEP | COMMIT_DERIVATIVE_WEIGHT_ADJUSTMENT | 200
NET-00821 | 0.4795 | -0.0306 | 0.0921 | COMPLIANT_CONVERGENCE_STEP | COMMIT_DERIVATIVE_WEIGHT_ADJUSTMENT | 200
NET-00822 | -2.0848 | 0.1242 | 0.5511 | COMPLIANT_CONVERGENCE_STEP | COMMIT_DERIVATIVE_WEIGHT_ADJUSTMENT | 200
NET-00823 | -1.4357 | -0.1430 | 0.3161 | COMPLIANT_CONVERGENCE_STEP | COMMIT_DERIVATIVE_WEIGHT_ADJUSTMENT | 200
NET-00824 | 0.2637 | -0.1787 | 0.3036 | COMPLIANT_CONVERGENCE_STEP | COMMIT_DERIVATIVE_WEIGHT_ADJUSTMENT | 200
NET-00825 | 0.7962 | -0.3140 | 0.4850 | COMPLIANT_CONVERGENCE_STEP | COMMIT_DERIVATIVE_WEIGHT_ADJUSTMENT | 200
NET-00826 | 1.4257 | 0.1327 | 0.5142 | COMPLIANT_CONVERGENCE_STEP | COMMIT_DERIVATIVE_WEIGHT_ADJUSTMENT | 200
NET-00827 | -1.6546 | -0.0246 | 0.0661 | COMPLIANT_CONVERGENCE_STEP | COMMIT_DERIVATIVE_WEIGHT_ADJUSTMENT | 200
NET-00828 | 0.3915 | 0.2232 | 0.5560 | COMPLIANT_CONVERGENCE_STEP | COMMIT_DERIVATIVE_WEIGHT_ADJUSTMENT | 200
NET-00829 | 1.6639 | -0.0446 | 0.1141 | COMPLIANT_CONVERGENCE_STEP | COMMIT_DERIVATIVE_WEIGHT_ADJUSTMENT | 200
NET-00830 | 1.2197 | 0.0546 | 0.1825 | COMPLIANT_CONVERGENCE_STEP | COMMIT_DERIVATIVE_WEIGHT_ADJUSTMENT | 200
NET-00831 | -1.5889 | -0.1900 | 0.5010 | COMPLIANT_CONVERGENCE_STEP | COMMIT_DERIVATIVE_WEIGHT_ADJUSTMENT | 200
NET-00832 | -0.8003 | 0.0823 | 0.1212 | COMPLIANT_CONVERGENCE_STEP | COMMIT_DERIVATIVE_WEIGHT_ADJUSTMENT | 200
NET-00833 | -0.9176 | 0.1854 | 0.6077 | COMPLIANT_CONVERGENCE_STEP | COMMIT_DERIVATIVE_WEIGHT_ADJUSTMENT | 200
NET-00834 | -1.2706 | 0.0426 | 0.1240 | COMPLIANT_CONVERGENCE_STEP | COMMIT_DERIVATIVE_WEIGHT_ADJUSTMENT | 200
NET-00835 | 0.3159 | 0.1963 | 0.1499 | COMPLIANT_CONVERGENCE_STEP | COMMIT_DERIVATIVE_WEIGHT_ADJUSTMENT | 200
NET-00836 | -1.8161 | -0.0623 | 0.2212 | COMPLIANT_CONVERGENCE_STEP | COMMIT_DERIVATIVE_WEIGHT_ADJUSTMENT | 200
NET-00837 | 0.9424 | 0.2383 | 0.9503 | COMPLIANT_CONVERGENCE_STEP | COMMIT_DERIVATIVE_WEIGHT_ADJUSTMENT | 200
NET-00838 | 0.6453 | 0.0118 | 0.0343 | COMPLIANT_CONVERGENCE_STEP | COMMIT_DERIVATIVE_WEIGHT_ADJUSTMENT | 200
NET-00839 | -0.3398 | 0.2196 | 0.3507 | COMPLIANT_CONVERGENCE_STEP | COMMIT_DERIVATIVE_WEIGHT_ADJUSTMENT | 200
NET-00840 | 1.2047 | 0.0326 | 0.0612 | COMPLIANT_CONVERGENCE_STEP | COMMIT_DERIVATIVE_WEIGHT_ADJUSTMENT | 200
NET-00841 | -2.5745 | -0.1615 | 0.7299 | COMPLIANT_CONVERGENCE_STEP | COMMIT_DERIVATIVE_WEIGHT_ADJUSTMENT | 200
NET-00842 | 0.1583 | -0.0454 | 0.0745 | COMPLIANT_CONVERGENCE_STEP | COMMIT_DERIVATIVE_WEIGHT_ADJUSTMENT | 200
NET-00843 | -3.2335 | 0.1236 | 0.6431 | COMPLIANT_CONVERGENCE_STEP | COMMIT_DERIVATIVE_WEIGHT_ADJUSTMENT | 200
NET-00844 | 1.3072 | -0.0131 | 0.0561 | COMPLIANT_CONVERGENCE_STEP | COMMIT_DERIVATIVE_WEIGHT_ADJUSTMENT | 200
NET-00845 | -2.3457 | 0.0073 | 0.0268 | COMPLIANT_CONVERGENCE_STEP | COMMIT_DERIVATIVE_WEIGHT_ADJUSTMENT | 200
NET-00846 | -0.0507 | -0.0430 | 0.0363 | COMPLIANT_CONVERGENCE_STEP | COMMIT_DERIVATIVE_WEIGHT_ADJUSTMENT | 200
NET-00847 | -3.4013 | 0.1435 | 0.7498 | COMPLIANT_CONVERGENCE_STEP | COMMIT_DERIVATIVE_WEIGHT_ADJUSTMENT | 200
NET-00848 | 3.7744 | -0.0629 | 0.3627 | COMPLIANT_CONVERGENCE_STEP | COMMIT_DERIVATIVE_WEIGHT_ADJUSTMENT | 200
NET-00849 | -0.1955 | 0.2668 | 0.1257 | COMPLIANT_CONVERGENCE_STEP | COMMIT_DERIVATIVE_WEIGHT_ADJUSTMENT | 200
NET-00850 | 1.0312 | 0.0693 | 0.1157 | COMPLIANT_CONVERGENCE_STEP | COMMIT_DERIVATIVE_WEIGHT_ADJUSTMENT | 200
NET-00851 | -3.1282 | 0.0194 | 0.0929 | COMPLIANT_CONVERGENCE_STEP | COMMIT_DERIVATIVE_WEIGHT_ADJUSTMENT | 200
NET-00852 | 2.3394 | -0.0544 | 0.1989 | COMPLIANT_CONVERGENCE_STEP | COMMIT_DERIVATIVE_WEIGHT_ADJUSTMENT | 200
NET-00853 | -0.7465 | 0.0049 | 0.0130 | COMPLIANT_CONVERGENCE_STEP | COMMIT_DERIVATIVE_WEIGHT_ADJUSTMENT | 200
NET-00854 | 1.0456 | 0.1362 | 0.5083 | COMPLIANT_CONVERGENCE_STEP | COMMIT_DERIVATIVE_WEIGHT_ADJUSTMENT | 200
NET-00855 | -0.4816 | 0.1118 | 0.3135 | COMPLIANT_CONVERGENCE_STEP | COMMIT_DERIVATIVE_WEIGHT_ADJUSTMENT | 200
NET-00856 | -1.8977 | -0.0427 | 0.1301 | COMPLIANT_CONVERGENCE_STEP | COMMIT_DERIVATIVE_WEIGHT_ADJUSTMENT | 200
NET-00857 | -1.9012 | -0.0059 | 0.0246 | COMPLIANT_CONVERGENCE_STEP | COMMIT_DERIVATIVE_WEIGHT_ADJUSTMENT | 200
NET-00858 | 1.3353 | 0.0854 | 0.2883 | COMPLIANT_CONVERGENCE_STEP | COMMIT_DERIVATIVE_WEIGHT_ADJUSTMENT | 200
NET-00859 | 1.8886 | 0.0629 | 0.2417 | COMPLIANT_CONVERGENCE_STEP | COMMIT_DERIVATIVE_WEIGHT_ADJUSTMENT | 200
NET-00860 | -1.5753 | -0.0784 | 0.3076 | COMPLIANT_CONVERGENCE_STEP | COMMIT_DERIVATIVE_WEIGHT_ADJUSTMENT | 200
NET-00861 | 0.4658 | 0.0381 | 0.1016 | COMPLIANT_CONVERGENCE_STEP | COMMIT_DERIVATIVE_WEIGHT_ADJUSTMENT | 200
NET-00862 | 0.4222 | 0.0152 | 0.0220 | COMPLIANT_CONVERGENCE_STEP | COMMIT_DERIVATIVE_WEIGHT_ADJUSTMENT | 200
NET-00863 | -1.3197 | -0.2416 | 0.7894 | COMPLIANT_CONVERGENCE_STEP | COMMIT_DERIVATIVE_WEIGHT_ADJUSTMENT | 200
NET-00864 | -0.6164 | 0.1426 | 0.1415 | COMPLIANT_CONVERGENCE_STEP | COMMIT_DERIVATIVE_WEIGHT_ADJUSTMENT | 200
NET-00865 | -0.3945 | 0.1833 | 0.1637 | COMPLIANT_CONVERGENCE_STEP | COMMIT_DERIVATIVE_WEIGHT_ADJUSTMENT | 200
NET-00866 | 0.0979 | -0.0820 | 0.0474 | COMPLIANT_CONVERGENCE_STEP | COMMIT_DERIVATIVE_WEIGHT_ADJUSTMENT | 200
NET-00867 | -2.1336 | 0.0562 | 0.1921 | COMPLIANT_CONVERGENCE_STEP | COMMIT_DERIVATIVE_WEIGHT_ADJUSTMENT | 200
NET-00868 | -2.7542 | 0.0141 | 0.0599 | COMPLIANT_CONVERGENCE_STEP | COMMIT_DERIVATIVE_WEIGHT_ADJUSTMENT | 200
NET-00869 | 2.8583 | 0.0697 | 0.3047 | COMPLIANT_CONVERGENCE_STEP | COMMIT_DERIVATIVE_WEIGHT_ADJUSTMENT | 200
NET-00870 | 3.1201 | -0.0009 | 0.0042 | COMPLIANT_CONVERGENCE_STEP | COMMIT_DERIVATIVE_WEIGHT_ADJUSTMENT | 200
NET-00871 | -2.0312 | -0.1698 | 0.6226 | COMPLIANT_CONVERGENCE_STEP | COMMIT_DERIVATIVE_WEIGHT_ADJUSTMENT | 200
NET-00872 | -2.7911 | -0.0671 | 0.3162 | COMPLIANT_CONVERGENCE_STEP | COMMIT_DERIVATIVE_WEIGHT_ADJUSTMENT | 200
NET-00873 | -0.3685 | -0.0626 | 0.1451 | COMPLIANT_CONVERGENCE_STEP | COMMIT_DERIVATIVE_WEIGHT_ADJUSTMENT | 200
NET-00874 | -0.2957 | 0.1357 | 0.1127 | COMPLIANT_CONVERGENCE_STEP | COMMIT_DERIVATIVE_WEIGHT_ADJUSTMENT | 200
NET-00875 | -3.7273 | 0.1327 | 0.7590 | COMPLIANT_CONVERGENCE_STEP | COMMIT_DERIVATIVE_WEIGHT_ADJUSTMENT | 200
NET-00876 | -2.0151 | 0.2561 | 0.8498 | COMPLIANT_CONVERGENCE_STEP | COMMIT_DERIVATIVE_WEIGHT_ADJUSTMENT | 200
NET-00877 | 1.2912 | 0.0685 | 0.1440 | COMPLIANT_CONVERGENCE_STEP | COMMIT_DERIVATIVE_WEIGHT_ADJUSTMENT | 200
NET-00878 | 1.8860 | -0.1083 | 0.3433 | COMPLIANT_CONVERGENCE_STEP | COMMIT_DERIVATIVE_WEIGHT_ADJUSTMENT | 200
NET-00879 | -3.2038 | -0.1265 | 0.6260 | COMPLIANT_CONVERGENCE_STEP | COMMIT_DERIVATIVE_WEIGHT_ADJUSTMENT | 200
NET-00880 | -0.7050 | -0.0190 | 0.0497 | COMPLIANT_CONVERGENCE_STEP | COMMIT_DERIVATIVE_WEIGHT_ADJUSTMENT | 200
NET-00881 | -1.1074 | -0.0306 | 0.0747 | COMPLIANT_CONVERGENCE_STEP | COMMIT_DERIVATIVE_WEIGHT_ADJUSTMENT | 200
NET-00882 | -0.0754 | 0.0982 | 0.1943 | COMPLIANT_CONVERGENCE_STEP | COMMIT_DERIVATIVE_WEIGHT_ADJUSTMENT | 200
NET-00883 | -1.9907 | -0.0668 | 0.2910 | COMPLIANT_CONVERGENCE_STEP | COMMIT_DERIVATIVE_WEIGHT_ADJUSTMENT | 200
NET-00884 | -1.0335 | -0.1071 | 0.3937 | COMPLIANT_CONVERGENCE_STEP | COMMIT_DERIVATIVE_WEIGHT_ADJUSTMENT | 200
NET-00885 | 3.1724 | 0.1553 | 0.7980 | COMPLIANT_CONVERGENCE_STEP | COMMIT_DERIVATIVE_WEIGHT_ADJUSTMENT | 200
NET-00886 | -3.3469 | -0.0376 | 0.2022 | COMPLIANT_CONVERGENCE_STEP | COMMIT_DERIVATIVE_WEIGHT_ADJUSTMENT | 200
NET-00887 | 0.8777 | -0.1099 | 0.1604 | COMPLIANT_CONVERGENCE_STEP | COMMIT_DERIVATIVE_WEIGHT_ADJUSTMENT | 200
NET-00888 | -1.2855 | 0.0371 | 0.0887 | COMPLIANT_CONVERGENCE_STEP | COMMIT_DERIVATIVE_WEIGHT_ADJUSTMENT | 200
NET-00889 | -3.4015 | -0.0734 | 0.3844 | COMPLIANT_CONVERGENCE_STEP | COMMIT_DERIVATIVE_WEIGHT_ADJUSTMENT | 200
NET-00890 | -2.5998 | -0.2657 | 1.1090 | COMPLIANT_CONVERGENCE_STEP | COMMIT_DERIVATIVE_WEIGHT_ADJUSTMENT | 200
NET-00891 | 1.8437 | -0.0165 | 0.0470 | COMPLIANT_CONVERGENCE_STEP | COMMIT_DERIVATIVE_WEIGHT_ADJUSTMENT | 200
NET-00892 | 1.4870 | -0.0669 | 0.2143 | COMPLIANT_CONVERGENCE_STEP | COMMIT_DERIVATIVE_WEIGHT_ADJUSTMENT | 200
NET-00893 | 1.0977 | 0.0578 | 0.1737 | COMPLIANT_CONVERGENCE_STEP | COMMIT_DERIVATIVE_WEIGHT_ADJUSTMENT | 200
NET-00894 | -1.0849 | 0.0088 | 0.0157 | COMPLIANT_CONVERGENCE_STEP | COMMIT_DERIVATIVE_WEIGHT_ADJUSTMENT | 200
NET-00895 | 2.0996 | -0.0699 | 0.2514 | COMPLIANT_CONVERGENCE_STEP | COMMIT_DERIVATIVE_WEIGHT_ADJUSTMENT | 200
NET-00896 | -2.9039 | 0.0495 | 0.2321 | COMPLIANT_CONVERGENCE_STEP | COMMIT_DERIVATIVE_WEIGHT_ADJUSTMENT | 200
NET-00897 | -1.3459 | 0.1223 | 0.2594 | COMPLIANT_CONVERGENCE_STEP | COMMIT_DERIVATIVE_WEIGHT_ADJUSTMENT | 200
NET-00898 | 3.0445 | -0.0502 | 0.2346 | COMPLIANT_CONVERGENCE_STEP | COMMIT_DERIVATIVE_WEIGHT_ADJUSTMENT | 200
NET-00899 | -2.6617 | -0.1252 | 0.5711 | COMPLIANT_CONVERGENCE_STEP | COMMIT_DERIVATIVE_WEIGHT_ADJUSTMENT | 200
NET-00900 | -1.0035 | -0.0412 | 0.1567 | COMPLIANT_CONVERGENCE_STEP | COMMIT_DERIVATIVE_WEIGHT_ADJUSTMENT | 200
NET-00901 | -0.5577 | -0.0920 | 0.2505 | COMPLIANT_CONVERGENCE_STEP | COMMIT_DERIVATIVE_WEIGHT_ADJUSTMENT | 200
NET-00902 | -3.6063 | 0.1080 | 0.6028 | COMPLIANT_CONVERGENCE_STEP | COMMIT_DERIVATIVE_WEIGHT_ADJUSTMENT | 200
NET-00903 | -0.3054 | -0.0690 | 0.2136 | COMPLIANT_CONVERGENCE_STEP | COMMIT_DERIVATIVE_WEIGHT_ADJUSTMENT | 200
NET-00904 | 0.7615 | -0.0316 | 0.0377 | COMPLIANT_CONVERGENCE_STEP | COMMIT_DERIVATIVE_WEIGHT_ADJUSTMENT | 200
NET-00905 | -0.5354 | 0.1031 | 0.0860 | COMPLIANT_CONVERGENCE_STEP | COMMIT_DERIVATIVE_WEIGHT_ADJUSTMENT | 200
NET-00906 | 3.7663 | -0.0468 | 0.2784 | COMPLIANT_CONVERGENCE_STEP | COMMIT_DERIVATIVE_WEIGHT_ADJUSTMENT | 200
NET-00907 | 0.3711 | 0.0795 | 0.2506 | COMPLIANT_CONVERGENCE_STEP | COMMIT_DERIVATIVE_WEIGHT_ADJUSTMENT | 200
NET-00908 | -0.0650 | 0.0710 | 0.1116 | COMPLIANT_CONVERGENCE_STEP | COMMIT_DERIVATIVE_WEIGHT_ADJUSTMENT | 200
NET-00909 | -0.8034 | -0.0054 | 0.0116 | COMPLIANT_CONVERGENCE_STEP | COMMIT_DERIVATIVE_WEIGHT_ADJUSTMENT | 200
NET-00910 | -0.0905 | -0.0258 | 0.0304 | COMPLIANT_CONVERGENCE_STEP | COMMIT_DERIVATIVE_WEIGHT_ADJUSTMENT | 200
NET-00911 | 1.4125 | 0.1269 | 0.3227 | COMPLIANT_CONVERGENCE_STEP | COMMIT_DERIVATIVE_WEIGHT_ADJUSTMENT | 200
NET-00912 | 0.2264 | -0.0827 | 0.2425 | COMPLIANT_CONVERGENCE_STEP | COMMIT_DERIVATIVE_WEIGHT_ADJUSTMENT | 200
NET-00913 | 0.0000 | -0.0682 | 0.0012 | COMPLIANT_CONVERGENCE_STEP | COMMIT_DERIVATIVE_WEIGHT_ADJUSTMENT | 200
NET-00914 | -2.0166 | 0.0913 | 0.3603 | COMPLIANT_CONVERGENCE_STEP | COMMIT_DERIVATIVE_WEIGHT_ADJUSTMENT | 200
NET-00915 | 1.2022 | 0.1615 | 0.3804 | COMPLIANT_CONVERGENCE_STEP | COMMIT_DERIVATIVE_WEIGHT_ADJUSTMENT | 200
NET-00916 | -0.9006 | 0.0189 | 0.0299 | COMPLIANT_CONVERGENCE_STEP | COMMIT_DERIVATIVE_WEIGHT_ADJUSTMENT | 200
NET-00917 | -1.9943 | 0.0575 | 0.1823 | COMPLIANT_CONVERGENCE_STEP | COMMIT_DERIVATIVE_WEIGHT_ADJUSTMENT | 200
NET-00918 | 1.5342 | -0.0528 | 0.2142 | COMPLIANT_CONVERGENCE_STEP | COMMIT_DERIVATIVE_WEIGHT_ADJUSTMENT | 200
NET-00919 | 1.8120 | 0.0191 | 0.0537 | COMPLIANT_CONVERGENCE_STEP | COMMIT_DERIVATIVE_WEIGHT_ADJUSTMENT | 200
NET-00920 | -1.5086 | 0.2208 | 0.7105 | COMPLIANT_CONVERGENCE_STEP | COMMIT_DERIVATIVE_WEIGHT_ADJUSTMENT | 200
NET-00921 | 2.7443 | 0.0133 | 0.0560 | COMPLIANT_CONVERGENCE_STEP | COMMIT_DERIVATIVE_WEIGHT_ADJUSTMENT | 200
NET-00922 | -0.7573 | 0.0290 | 0.0479 | COMPLIANT_CONVERGENCE_STEP | COMMIT_DERIVATIVE_WEIGHT_ADJUSTMENT | 200
NET-00923 | 1.3239 | -0.0931 | 0.3330 | COMPLIANT_CONVERGENCE_STEP | COMMIT_DERIVATIVE_WEIGHT_ADJUSTMENT | 200
NET-00924 | 2.8004 | 0.0522 | 0.2301 | COMPLIANT_CONVERGENCE_STEP | COMMIT_DERIVATIVE_WEIGHT_ADJUSTMENT | 200
NET-00925 | -0.0357 | -0.1679 | 0.1262 | COMPLIANT_CONVERGENCE_STEP | COMMIT_DERIVATIVE_WEIGHT_ADJUSTMENT | 200
NET-00926 | -4.1642 | 0.1783 | 1.1464 | COMPLIANT_CONVERGENCE_STEP | COMMIT_DERIVATIVE_WEIGHT_ADJUSTMENT | 200
NET-00927 | -2.4211 | -0.1829 | 0.7024 | COMPLIANT_CONVERGENCE_STEP | COMMIT_DERIVATIVE_WEIGHT_ADJUSTMENT | 200
NET-00928 | -1.3187 | 0.0054 | 0.0187 | COMPLIANT_CONVERGENCE_STEP | COMMIT_DERIVATIVE_WEIGHT_ADJUSTMENT | 200
NET-00929 | -0.0158 | -0.0891 | 0.1256 | COMPLIANT_CONVERGENCE_STEP | COMMIT_DERIVATIVE_WEIGHT_ADJUSTMENT | 200
NET-00930 | -1.1224 | -0.0194 | 0.0428 | COMPLIANT_CONVERGENCE_STEP | COMMIT_DERIVATIVE_WEIGHT_ADJUSTMENT | 200
NET-00931 | -2.4772 | -0.1372 | 0.5251 | COMPLIANT_CONVERGENCE_STEP | COMMIT_DERIVATIVE_WEIGHT_ADJUSTMENT | 200
NET-00932 | 1.4758 | 0.0202 | 0.0612 | COMPLIANT_CONVERGENCE_STEP | COMMIT_DERIVATIVE_WEIGHT_ADJUSTMENT | 200
NET-00933 | 4.2102 | 0.0647 | 0.4236 | COMPLIANT_CONVERGENCE_STEP | COMMIT_DERIVATIVE_WEIGHT_ADJUSTMENT | 200
NET-00934 | 0.0111 | -0.1427 | 0.0378 | COMPLIANT_CONVERGENCE_STEP | COMMIT_DERIVATIVE_WEIGHT_ADJUSTMENT | 200
NET-00935 | -2.6435 | 0.0076 | 0.0306 | COMPLIANT_CONVERGENCE_STEP | COMMIT_DERIVATIVE_WEIGHT_ADJUSTMENT | 200
NET-00936 | -0.2997 | -0.0203 | 0.0446 | COMPLIANT_CONVERGENCE_STEP | COMMIT_DERIVATIVE_WEIGHT_ADJUSTMENT | 200
NET-00937 | -3.7943 | -0.1301 | 0.7550 | COMPLIANT_CONVERGENCE_STEP | COMMIT_DERIVATIVE_WEIGHT_ADJUSTMENT | 200
NET-00938 | 2.1774 | 0.0629 | 0.2412 | COMPLIANT_CONVERGENCE_STEP | COMMIT_DERIVATIVE_WEIGHT_ADJUSTMENT | 200
NET-00939 | -3.7053 | -0.0242 | 0.1428 | COMPLIANT_CONVERGENCE_STEP | COMMIT_DERIVATIVE_WEIGHT_ADJUSTMENT | 200
NET-00940 | 1.8881 | 0.0238 | 0.0906 | COMPLIANT_CONVERGENCE_STEP | COMMIT_DERIVATIVE_WEIGHT_ADJUSTMENT | 200
NET-00941 | -0.5955 | 0.0224 | 0.0461 | COMPLIANT_CONVERGENCE_STEP | COMMIT_DERIVATIVE_WEIGHT_ADJUSTMENT | 200
NET-00942 | -0.0002 | -0.0076 | 0.0042 | COMPLIANT_CONVERGENCE_STEP | COMMIT_DERIVATIVE_WEIGHT_ADJUSTMENT | 200
NET-00943 | 1.5264 | 0.1169 | 0.2895 | COMPLIANT_CONVERGENCE_STEP | COMMIT_DERIVATIVE_WEIGHT_ADJUSTMENT | 200
NET-00944 | 1.2578 | 0.0434 | 0.1282 | COMPLIANT_CONVERGENCE_STEP | COMMIT_DERIVATIVE_WEIGHT_ADJUSTMENT | 200
NET-00945 | -2.5597 | -0.1046 | 0.4174 | COMPLIANT_CONVERGENCE_STEP | COMMIT_DERIVATIVE_WEIGHT_ADJUSTMENT | 200
NET-00946 | -1.6329 | -0.0595 | 0.2598 | COMPLIANT_CONVERGENCE_STEP | COMMIT_DERIVATIVE_WEIGHT_ADJUSTMENT | 200
NET-00947 | -2.1753 | 0.0540 | 0.1910 | COMPLIANT_CONVERGENCE_STEP | COMMIT_DERIVATIVE_WEIGHT_ADJUSTMENT | 200
NET-00948 | 2.3047 | -0.0913 | 0.3492 | COMPLIANT_CONVERGENCE_STEP | COMMIT_DERIVATIVE_WEIGHT_ADJUSTMENT | 200
NET-00949 | 2.6017 | -0.0305 | 0.1234 | COMPLIANT_CONVERGENCE_STEP | COMMIT_DERIVATIVE_WEIGHT_ADJUSTMENT | 200
NET-00950 | -0.7910 | -0.1258 | 0.3497 | COMPLIANT_CONVERGENCE_STEP | COMMIT_DERIVATIVE_WEIGHT_ADJUSTMENT | 200
NET-00951 | -0.4311 | 0.0339 | 0.0675 | COMPLIANT_CONVERGENCE_STEP | COMMIT_DERIVATIVE_WEIGHT_ADJUSTMENT | 200
NET-00952 | 0.3517 | -0.0306 | 0.0477 | COMPLIANT_CONVERGENCE_STEP | COMMIT_DERIVATIVE_WEIGHT_ADJUSTMENT | 200
NET-00953 | -2.5818 | -0.0628 | 0.2511 | COMPLIANT_CONVERGENCE_STEP | COMMIT_DERIVATIVE_WEIGHT_ADJUSTMENT | 200
NET-00954 | 2.5561 | 0.0249 | 0.1021 | COMPLIANT_CONVERGENCE_STEP | COMMIT_DERIVATIVE_WEIGHT_ADJUSTMENT | 200
NET-00955 | -1.7881 | -0.1094 | 0.3863 | COMPLIANT_CONVERGENCE_STEP | COMMIT_DERIVATIVE_WEIGHT_ADJUSTMENT | 200
NET-00956 | -1.2837 | 0.1933 | 0.4152 | COMPLIANT_CONVERGENCE_STEP | COMMIT_DERIVATIVE_WEIGHT_ADJUSTMENT | 200
NET-00957 | -0.6019 | -0.1457 | 0.2325 | COMPLIANT_CONVERGENCE_STEP | COMMIT_DERIVATIVE_WEIGHT_ADJUSTMENT | 200
NET-00958 | -3.7785 | 0.1343 | 0.7930 | COMPLIANT_CONVERGENCE_STEP | COMMIT_DERIVATIVE_WEIGHT_ADJUSTMENT | 200
NET-00959 | -1.2725 | 0.0311 | 0.0928 | COMPLIANT_CONVERGENCE_STEP | COMMIT_DERIVATIVE_WEIGHT_ADJUSTMENT | 200
NET-00960 | 0.4368 | 0.1802 | 0.4105 | COMPLIANT_CONVERGENCE_STEP | COMMIT_DERIVATIVE_WEIGHT_ADJUSTMENT | 200
NET-00961 | -1.5242 | 0.0492 | 0.1840 | COMPLIANT_CONVERGENCE_STEP | COMMIT_DERIVATIVE_WEIGHT_ADJUSTMENT | 200
NET-00962 | 1.0904 | 0.0805 | 0.1444 | COMPLIANT_CONVERGENCE_STEP | COMMIT_DERIVATIVE_WEIGHT_ADJUSTMENT | 200
NET-00963 | -1.0028 | 0.0598 | 0.1367 | COMPLIANT_CONVERGENCE_STEP | COMMIT_DERIVATIVE_WEIGHT_ADJUSTMENT | 200
NET-00964 | -2.1601 | 0.0492 | 0.2037 | COMPLIANT_CONVERGENCE_STEP | COMMIT_DERIVATIVE_WEIGHT_ADJUSTMENT | 200
NET-00965 | -2.3867 | -0.0737 | 0.2920 | COMPLIANT_CONVERGENCE_STEP | COMMIT_DERIVATIVE_WEIGHT_ADJUSTMENT | 200
NET-00966 | -1.4898 | -0.0009 | 0.0021 | COMPLIANT_CONVERGENCE_STEP | COMMIT_DERIVATIVE_WEIGHT_ADJUSTMENT | 200
NET-00967 | 0.5642 | -0.0543 | 0.1093 | COMPLIANT_CONVERGENCE_STEP | COMMIT_DERIVATIVE_WEIGHT_ADJUSTMENT | 200
NET-00968 | -1.4039 | 0.1216 | 0.2647 | COMPLIANT_CONVERGENCE_STEP | COMMIT_DERIVATIVE_WEIGHT_ADJUSTMENT | 200
NET-00969 | -1.0055 | 0.1148 | 0.3450 | COMPLIANT_CONVERGENCE_STEP | COMMIT_DERIVATIVE_WEIGHT_ADJUSTMENT | 200
NET-00970 | -0.1317 | -0.1798 | 0.0405 | COMPLIANT_CONVERGENCE_STEP | COMMIT_DERIVATIVE_WEIGHT_ADJUSTMENT | 200
NET-00971 | 1.3312 | 0.0403 | 0.0834 | COMPLIANT_CONVERGENCE_STEP | COMMIT_DERIVATIVE_WEIGHT_ADJUSTMENT | 200
NET-00972 | 3.6049 | -0.2600 | 1.4599 | COMPLIANT_CONVERGENCE_STEP | COMMIT_DERIVATIVE_WEIGHT_ADJUSTMENT | 200
NET-00973 | 0.4662 | 0.0109 | 0.0242 | COMPLIANT_CONVERGENCE_STEP | COMMIT_DERIVATIVE_WEIGHT_ADJUSTMENT | 200
NET-00974 | -2.4509 | 0.0095 | 0.0359 | COMPLIANT_CONVERGENCE_STEP | COMMIT_DERIVATIVE_WEIGHT_ADJUSTMENT | 200
NET-00975 | -2.4441 | -0.1083 | 0.4698 | COMPLIANT_CONVERGENCE_STEP | COMMIT_DERIVATIVE_WEIGHT_ADJUSTMENT | 200
NET-00976 | 0.1106 | -0.1095 | 0.3012 | COMPLIANT_CONVERGENCE_STEP | COMMIT_DERIVATIVE_WEIGHT_ADJUSTMENT | 200
NET-00977 | -0.5072 | 0.0182 | 0.0384 | COMPLIANT_CONVERGENCE_STEP | COMMIT_DERIVATIVE_WEIGHT_ADJUSTMENT | 200
NET-00978 | -1.1211 | 0.0458 | 0.1882 | COMPLIANT_CONVERGENCE_STEP | COMMIT_DERIVATIVE_WEIGHT_ADJUSTMENT | 200
NET-00979 | -0.6654 | 0.0138 | 0.0211 | COMPLIANT_CONVERGENCE_STEP | COMMIT_DERIVATIVE_WEIGHT_ADJUSTMENT | 200
NET-00980 | -0.9093 | -0.0193 | 0.0591 | COMPLIANT_CONVERGENCE_STEP | COMMIT_DERIVATIVE_WEIGHT_ADJUSTMENT | 200
NET-00981 | -0.7918 | -0.0858 | 0.1291 | COMPLIANT_CONVERGENCE_STEP | COMMIT_DERIVATIVE_WEIGHT_ADJUSTMENT | 200
NET-00982 | 2.4704 | -0.0036 | 0.0137 | COMPLIANT_CONVERGENCE_STEP | COMMIT_DERIVATIVE_WEIGHT_ADJUSTMENT | 200
NET-00983 | -2.9882 | -0.0341 | 0.1565 | COMPLIANT_CONVERGENCE_STEP | COMMIT_DERIVATIVE_WEIGHT_ADJUSTMENT | 200
NET-00984 | -3.5212 | -0.1211 | 0.6600 | COMPLIANT_CONVERGENCE_STEP | COMMIT_DERIVATIVE_WEIGHT_ADJUSTMENT | 200
NET-00985 | 1.2063 | -0.0524 | 0.1112 | COMPLIANT_CONVERGENCE_STEP | COMMIT_DERIVATIVE_WEIGHT_ADJUSTMENT | 200
NET-00986 | -1.4804 | 0.0100 | 0.0344 | COMPLIANT_CONVERGENCE_STEP | COMMIT_DERIVATIVE_WEIGHT_ADJUSTMENT | 200
NET-00987 | 2.5768 | 0.1636 | 0.7321 | COMPLIANT_CONVERGENCE_STEP | COMMIT_DERIVATIVE_WEIGHT_ADJUSTMENT | 200
NET-00988 | -0.3982 | 0.2713 | 0.1743 | COMPLIANT_CONVERGENCE_STEP | COMMIT_DERIVATIVE_WEIGHT_ADJUSTMENT | 200
NET-00989 | -2.1770 | 0.0048 | 0.0164 | COMPLIANT_CONVERGENCE_STEP | COMMIT_DERIVATIVE_WEIGHT_ADJUSTMENT | 200
NET-00990 | 0.7290 | -0.0157 | 0.0469 | COMPLIANT_CONVERGENCE_STEP | COMMIT_DERIVATIVE_WEIGHT_ADJUSTMENT | 200
NET-00991 | 2.7933 | 0.0219 | 0.0965 | COMPLIANT_CONVERGENCE_STEP | COMMIT_DERIVATIVE_WEIGHT_ADJUSTMENT | 200
NET-00992 | 0.1952 | -0.0373 | 0.0724 | COMPLIANT_CONVERGENCE_STEP | COMMIT_DERIVATIVE_WEIGHT_ADJUSTMENT | 200
NET-00993 | -1.5084 | 0.0334 | 0.0791 | COMPLIANT_CONVERGENCE_STEP | COMMIT_DERIVATIVE_WEIGHT_ADJUSTMENT | 200
NET-00994 | 0.8619 | -0.1232 | 0.1687 | COMPLIANT_CONVERGENCE_STEP | COMMIT_DERIVATIVE_WEIGHT_ADJUSTMENT | 200
NET-00995 | 0.3504 | -0.0026 | 0.0057 | COMPLIANT_CONVERGENCE_STEP | COMMIT_DERIVATIVE_WEIGHT_ADJUSTMENT | 200
NET-00996 | -3.5533 | 0.1409 | 0.7837 | COMPLIANT_CONVERGENCE_STEP | COMMIT_DERIVATIVE_WEIGHT_ADJUSTMENT | 200
NET-00997 | 3.5656 | -0.1341 | 0.7407 | COMPLIANT_CONVERGENCE_STEP | COMMIT_DERIVATIVE_WEIGHT_ADJUSTMENT | 200
NET-00998 | -1.5668 | 0.0253 | 0.0826 | COMPLIANT_CONVERGENCE_STEP | COMMIT_DERIVATIVE_WEIGHT_ADJUSTMENT | 200
NET-00999 | 3.3748 | -0.0511 | 0.2636 | COMPLIANT_CONVERGENCE_STEP | COMMIT_DERIVATIVE_WEIGHT_ADJUSTMENT | 200
NET-01000 | -1.5002 | 0.0600 | 0.1825 | COMPLIANT_CONVERGENCE_STEP | COMMIT_DERIVATIVE_WEIGHT_ADJUSTMENT | 200
NET-01001 | -2.4362 | 0.0706 | 0.2635 | COMPLIANT_CONVERGENCE_STEP | COMMIT_DERIVATIVE_WEIGHT_ADJUSTMENT | 200
NET-01002 | -0.6964 | -0.0069 | 0.0138 | COMPLIANT_CONVERGENCE_STEP | COMMIT_DERIVATIVE_WEIGHT_ADJUSTMENT | 200
NET-01003 | 3.0524 | 0.0149 | 0.0697 | COMPLIANT_CONVERGENCE_STEP | COMMIT_DERIVATIVE_WEIGHT_ADJUSTMENT | 200
NET-01004 | 0.9905 | -0.0512 | 0.1080 | COMPLIANT_CONVERGENCE_STEP | COMMIT_DERIVATIVE_WEIGHT_ADJUSTMENT | 200
NET-01005 | 1.6123 | 0.0294 | 0.0840 | COMPLIANT_CONVERGENCE_STEP | COMMIT_DERIVATIVE_WEIGHT_ADJUSTMENT | 200
NET-01006 | -0.1085 | 0.1875 | 0.3513 | COMPLIANT_CONVERGENCE_STEP | COMMIT_DERIVATIVE_WEIGHT_ADJUSTMENT | 200
NET-01007 | -0.1558 | 0.0333 | 0.0768 | COMPLIANT_CONVERGENCE_STEP | COMMIT_DERIVATIVE_WEIGHT_ADJUSTMENT | 200
NET-01008 | 3.6786 | -0.0571 | 0.3376 | COMPLIANT_CONVERGENCE_STEP | COMMIT_DERIVATIVE_WEIGHT_ADJUSTMENT | 200
NET-01009 | -2.0647 | 0.0239 | 0.0756 | COMPLIANT_CONVERGENCE_STEP | COMMIT_DERIVATIVE_WEIGHT_ADJUSTMENT | 200
NET-01010 | 1.3980 | 0.0520 | 0.1747 | COMPLIANT_CONVERGENCE_STEP | COMMIT_DERIVATIVE_WEIGHT_ADJUSTMENT | 200
NET-01011 | -1.8329 | -0.1024 | 0.2940 | COMPLIANT_CONVERGENCE_STEP | COMMIT_DERIVATIVE_WEIGHT_ADJUSTMENT | 200
NET-01012 | 3.6298 | 0.0954 | 0.5281 | COMPLIANT_CONVERGENCE_STEP | COMMIT_DERIVATIVE_WEIGHT_ADJUSTMENT | 200
NET-01013 | 3.2782 | 0.1498 | 0.7515 | COMPLIANT_CONVERGENCE_STEP | COMMIT_DERIVATIVE_WEIGHT_ADJUSTMENT | 200
NET-01014 | -2.2784 | 0.0306 | 0.1286 | COMPLIANT_CONVERGENCE_STEP | COMMIT_DERIVATIVE_WEIGHT_ADJUSTMENT | 200
NET-01015 | 0.8283 | 0.0314 | 0.0580 | COMPLIANT_CONVERGENCE_STEP | COMMIT_DERIVATIVE_WEIGHT_ADJUSTMENT | 200
NET-01016 | 3.0405 | 0.0546 | 0.2559 | COMPLIANT_CONVERGENCE_STEP | COMMIT_DERIVATIVE_WEIGHT_ADJUSTMENT | 200
NET-01017 | -2.6633 | 0.0154 | 0.0631 | COMPLIANT_CONVERGENCE_STEP | COMMIT_DERIVATIVE_WEIGHT_ADJUSTMENT | 200
NET-01018 | 0.7031 | -0.0593 | 0.0677 | COMPLIANT_CONVERGENCE_STEP | COMMIT_DERIVATIVE_WEIGHT_ADJUSTMENT | 200
NET-01019 | 3.8196 | -0.0536 | 0.3230 | COMPLIANT_CONVERGENCE_STEP | COMMIT_DERIVATIVE_WEIGHT_ADJUSTMENT | 200
NET-01020 | -3.7101 | -0.0364 | 0.2067 | COMPLIANT_CONVERGENCE_STEP | COMMIT_DERIVATIVE_WEIGHT_ADJUSTMENT | 200
NET-01021 | 1.8533 | -0.1981 | 0.5794 | COMPLIANT_CONVERGENCE_STEP | COMMIT_DERIVATIVE_WEIGHT_ADJUSTMENT | 200
NET-01022 | -0.9947 | 0.0404 | 0.0746 | COMPLIANT_CONVERGENCE_STEP | COMMIT_DERIVATIVE_WEIGHT_ADJUSTMENT | 200
NET-01023 | 1.9287 | -0.0521 | 0.2005 | COMPLIANT_CONVERGENCE_STEP | COMMIT_DERIVATIVE_WEIGHT_ADJUSTMENT | 200
NET-01024 | 3.3585 | 0.0469 | 0.2422 | COMPLIANT_CONVERGENCE_STEP | COMMIT_DERIVATIVE_WEIGHT_ADJUSTMENT | 200
NET-01025 | 4.0768 | 0.0769 | 0.4895 | COMPLIANT_CONVERGENCE_STEP | COMMIT_DERIVATIVE_WEIGHT_ADJUSTMENT | 200
NET-01026 | 0.2506 | 0.0604 | 0.0508 | COMPLIANT_CONVERGENCE_STEP | COMMIT_DERIVATIVE_WEIGHT_ADJUSTMENT | 200
NET-01027 | 0.7221 | 0.0200 | 0.0686 | COMPLIANT_CONVERGENCE_STEP | COMMIT_DERIVATIVE_WEIGHT_ADJUSTMENT | 200
NET-01028 | 1.5831 | -0.0666 | 0.2074 | COMPLIANT_CONVERGENCE_STEP | COMMIT_DERIVATIVE_WEIGHT_ADJUSTMENT | 200
NET-01029 | -1.6343 | -0.2351 | 0.5981 | COMPLIANT_CONVERGENCE_STEP | COMMIT_DERIVATIVE_WEIGHT_ADJUSTMENT | 200
NET-01030 | 1.5271 | 0.0485 | 0.1447 | COMPLIANT_CONVERGENCE_STEP | COMMIT_DERIVATIVE_WEIGHT_ADJUSTMENT | 200
NET-01031 | -1.7881 | 0.0683 | 0.2821 | COMPLIANT_CONVERGENCE_STEP | COMMIT_DERIVATIVE_WEIGHT_ADJUSTMENT | 200
NET-01032 | 0.8305 | -0.0022 | 0.0028 | COMPLIANT_CONVERGENCE_STEP | COMMIT_DERIVATIVE_WEIGHT_ADJUSTMENT | 200
NET-01033 | -2.4061 | -0.0227 | 0.0852 | COMPLIANT_CONVERGENCE_STEP | COMMIT_DERIVATIVE_WEIGHT_ADJUSTMENT | 200
NET-01034 | -0.9918 | -0.0172 | 0.0595 | COMPLIANT_CONVERGENCE_STEP | COMMIT_DERIVATIVE_WEIGHT_ADJUSTMENT | 200
NET-01035 | -1.8091 | -0.1101 | 0.4173 | COMPLIANT_CONVERGENCE_STEP | COMMIT_DERIVATIVE_WEIGHT_ADJUSTMENT | 200
NET-01036 | 1.8759 | 0.2250 | 0.6691 | COMPLIANT_CONVERGENCE_STEP | COMMIT_DERIVATIVE_WEIGHT_ADJUSTMENT | 200
NET-01037 | -0.7296 | 0.2523 | 0.3625 | COMPLIANT_CONVERGENCE_STEP | COMMIT_DERIVATIVE_WEIGHT_ADJUSTMENT | 200
NET-01038 | -0.1921 | 0.0461 | 0.1249 | COMPLIANT_CONVERGENCE_STEP | COMMIT_DERIVATIVE_WEIGHT_ADJUSTMENT | 200
NET-01039 | -1.2003 | -0.0862 | 0.3394 | COMPLIANT_CONVERGENCE_STEP | COMMIT_DERIVATIVE_WEIGHT_ADJUSTMENT | 200
NET-01040 | -1.1515 | 0.1732 | 0.3189 | COMPLIANT_CONVERGENCE_STEP | COMMIT_DERIVATIVE_WEIGHT_ADJUSTMENT | 200
NET-01041 | 1.2431 | 0.2808 | 0.7290 | COMPLIANT_CONVERGENCE_STEP | COMMIT_DERIVATIVE_WEIGHT_ADJUSTMENT | 200
NET-01042 | 0.2375 | -0.0578 | 0.1691 | COMPLIANT_CONVERGENCE_STEP | COMMIT_DERIVATIVE_WEIGHT_ADJUSTMENT | 200
NET-01043 | 0.1341 | -0.0402 | 0.0892 | COMPLIANT_CONVERGENCE_STEP | COMMIT_DERIVATIVE_WEIGHT_ADJUSTMENT | 200
NET-01044 | 1.0328 | 0.0780 | 0.1256 | COMPLIANT_CONVERGENCE_STEP | COMMIT_DERIVATIVE_WEIGHT_ADJUSTMENT | 200
NET-01045 | 1.5147 | 0.0586 | 0.2026 | COMPLIANT_CONVERGENCE_STEP | COMMIT_DERIVATIVE_WEIGHT_ADJUSTMENT | 200
NET-01046 | 0.0412 | 0.0976 | 0.1165 | COMPLIANT_CONVERGENCE_STEP | COMMIT_DERIVATIVE_WEIGHT_ADJUSTMENT | 200
NET-01047 | -1.3379 | 0.0060 | 0.0146 | COMPLIANT_CONVERGENCE_STEP | COMMIT_DERIVATIVE_WEIGHT_ADJUSTMENT | 200
NET-01048 | -2.3326 | 0.0925 | 0.4002 | COMPLIANT_CONVERGENCE_STEP | COMMIT_DERIVATIVE_WEIGHT_ADJUSTMENT | 200
NET-01049 | 2.4648 | -0.1328 | 0.5144 | COMPLIANT_CONVERGENCE_STEP | COMMIT_DERIVATIVE_WEIGHT_ADJUSTMENT | 200
NET-01050 | -2.1049 | 0.2987 | 1.2855 | COMPLIANT_CONVERGENCE_STEP | COMMIT_DERIVATIVE_WEIGHT_ADJUSTMENT | 200
NET-01051 | 3.1120 | 0.0065 | 0.0315 | COMPLIANT_CONVERGENCE_STEP | COMMIT_DERIVATIVE_WEIGHT_ADJUSTMENT | 200
NET-01052 | 0.2222 | 0.1069 | 0.0367 | COMPLIANT_CONVERGENCE_STEP | COMMIT_DERIVATIVE_WEIGHT_ADJUSTMENT | 200
NET-01053 | 3.2883 | -0.0612 | 0.3113 | COMPLIANT_CONVERGENCE_STEP | COMMIT_DERIVATIVE_WEIGHT_ADJUSTMENT | 200
NET-01054 | 2.4206 | 0.0016 | 0.0060 | COMPLIANT_CONVERGENCE_STEP | COMMIT_DERIVATIVE_WEIGHT_ADJUSTMENT | 200
NET-01055 | 2.4352 | -0.1306 | 0.5920 | COMPLIANT_CONVERGENCE_STEP | COMMIT_DERIVATIVE_WEIGHT_ADJUSTMENT | 200
NET-01056 | -2.4141 | 0.1669 | 0.7274 | COMPLIANT_CONVERGENCE_STEP | COMMIT_DERIVATIVE_WEIGHT_ADJUSTMENT | 200
NET-01057 | 1.2605 | -0.0156 | 0.0379 | COMPLIANT_CONVERGENCE_STEP | COMMIT_DERIVATIVE_WEIGHT_ADJUSTMENT | 200
NET-01058 | 0.7427 | -0.0783 | 0.2159 | COMPLIANT_CONVERGENCE_STEP | COMMIT_DERIVATIVE_WEIGHT_ADJUSTMENT | 200
NET-01059 | 1.2177 | -0.2053 | 0.6338 | COMPLIANT_CONVERGENCE_STEP | COMMIT_DERIVATIVE_WEIGHT_ADJUSTMENT | 200
NET-01060 | -0.6905 | 0.0372 | 0.1063 | COMPLIANT_CONVERGENCE_STEP | COMMIT_DERIVATIVE_WEIGHT_ADJUSTMENT | 200
NET-01061 | 2.8740 | -0.0491 | 0.2163 | COMPLIANT_CONVERGENCE_STEP | COMMIT_DERIVATIVE_WEIGHT_ADJUSTMENT | 200
NET-01062 | 4.2028 | 0.1733 | 1.1253 | COMPLIANT_CONVERGENCE_STEP | COMMIT_DERIVATIVE_WEIGHT_ADJUSTMENT | 200
NET-01063 | 1.2645 | 0.2110 | 0.5124 | COMPLIANT_CONVERGENCE_STEP | COMMIT_DERIVATIVE_WEIGHT_ADJUSTMENT | 200
NET-01064 | -0.9097 | -0.1051 | 0.1538 | COMPLIANT_CONVERGENCE_STEP | COMMIT_DERIVATIVE_WEIGHT_ADJUSTMENT | 200
NET-01065 | -0.9666 | -0.0189 | 0.0304 | COMPLIANT_CONVERGENCE_STEP | COMMIT_DERIVATIVE_WEIGHT_ADJUSTMENT | 200
NET-01066 | 2.1175 | -0.1702 | 0.5684 | COMPLIANT_CONVERGENCE_STEP | COMMIT_DERIVATIVE_WEIGHT_ADJUSTMENT | 200
NET-01067 | -0.0103 | 0.1428 | 0.5515 | COMPLIANT_CONVERGENCE_STEP | COMMIT_DERIVATIVE_WEIGHT_ADJUSTMENT | 200
NET-01068 | -3.8952 | -0.1220 | 0.7468 | COMPLIANT_CONVERGENCE_STEP | COMMIT_DERIVATIVE_WEIGHT_ADJUSTMENT | 200
NET-01069 | -0.0924 | -0.2041 | 0.3017 | COMPLIANT_CONVERGENCE_STEP | COMMIT_DERIVATIVE_WEIGHT_ADJUSTMENT | 200
NET-01070 | -1.8554 | -0.0576 | 0.1643 | COMPLIANT_CONVERGENCE_STEP | COMMIT_DERIVATIVE_WEIGHT_ADJUSTMENT | 200
NET-01071 | -1.8936 | -0.0379 | 0.1119 | COMPLIANT_CONVERGENCE_STEP | COMMIT_DERIVATIVE_WEIGHT_ADJUSTMENT | 200
NET-01072 | -1.9613 | -0.0118 | 0.0355 | COMPLIANT_CONVERGENCE_STEP | COMMIT_DERIVATIVE_WEIGHT_ADJUSTMENT | 200
NET-01073 | -2.1709 | 0.1349 | 0.5629 | COMPLIANT_CONVERGENCE_STEP | COMMIT_DERIVATIVE_WEIGHT_ADJUSTMENT | 200
NET-01074 | -2.2094 | -0.1847 | 0.8119 | COMPLIANT_CONVERGENCE_STEP | COMMIT_DERIVATIVE_WEIGHT_ADJUSTMENT | 200
NET-01075 | 2.5659 | 0.0132 | 0.0595 | COMPLIANT_CONVERGENCE_STEP | COMMIT_DERIVATIVE_WEIGHT_ADJUSTMENT | 200
NET-01076 | -1.6025 | -0.0481 | 0.1500 | COMPLIANT_CONVERGENCE_STEP | COMMIT_DERIVATIVE_WEIGHT_ADJUSTMENT | 200
NET-01077 | -2.1152 | 0.1647 | 0.6527 | COMPLIANT_CONVERGENCE_STEP | COMMIT_DERIVATIVE_WEIGHT_ADJUSTMENT | 200
NET-01078 | 2.2983 | 0.0773 | 0.3079 | COMPLIANT_CONVERGENCE_STEP | COMMIT_DERIVATIVE_WEIGHT_ADJUSTMENT | 200
NET-01079 | -0.5905 | -0.1481 | 0.3920 | COMPLIANT_CONVERGENCE_STEP | COMMIT_DERIVATIVE_WEIGHT_ADJUSTMENT | 200
NET-01080 | 1.2487 | 0.0068 | 0.0280 | COMPLIANT_CONVERGENCE_STEP | COMMIT_DERIVATIVE_WEIGHT_ADJUSTMENT | 200
NET-01081 | 0.9391 | -0.1674 | 0.4340 | COMPLIANT_CONVERGENCE_STEP | COMMIT_DERIVATIVE_WEIGHT_ADJUSTMENT | 200
NET-01082 | -3.7167 | -0.0198 | 0.1141 | COMPLIANT_CONVERGENCE_STEP | COMMIT_DERIVATIVE_WEIGHT_ADJUSTMENT | 200
NET-01083 | 0.4400 | 0.1672 | 0.3151 | COMPLIANT_CONVERGENCE_STEP | COMMIT_DERIVATIVE_WEIGHT_ADJUSTMENT | 200
NET-01084 | 1.9664 | -0.1172 | 0.4103 | COMPLIANT_CONVERGENCE_STEP | COMMIT_DERIVATIVE_WEIGHT_ADJUSTMENT | 200
NET-01085 | 2.0197 | 0.0539 | 0.2177 | COMPLIANT_CONVERGENCE_STEP | COMMIT_DERIVATIVE_WEIGHT_ADJUSTMENT | 200
NET-01086 | -0.7796 | -0.0775 | 0.1182 | COMPLIANT_CONVERGENCE_STEP | COMMIT_DERIVATIVE_WEIGHT_ADJUSTMENT | 200
NET-01087 | 0.9553 | -0.0216 | 0.0321 | COMPLIANT_CONVERGENCE_STEP | COMMIT_DERIVATIVE_WEIGHT_ADJUSTMENT | 200
NET-01088 | -0.4348 | 0.1666 | 0.5336 | COMPLIANT_CONVERGENCE_STEP | COMMIT_DERIVATIVE_WEIGHT_ADJUSTMENT | 200
NET-01089 | 2.6525 | -0.0456 | 0.2093 | COMPLIANT_CONVERGENCE_STEP | COMMIT_DERIVATIVE_WEIGHT_ADJUSTMENT | 200
NET-01090 | -0.8317 | -0.2314 | 0.5664 | COMPLIANT_CONVERGENCE_STEP | COMMIT_DERIVATIVE_WEIGHT_ADJUSTMENT | 200
NET-01091 | 2.7847 | -0.0802 | 0.3555 | COMPLIANT_CONVERGENCE_STEP | COMMIT_DERIVATIVE_WEIGHT_ADJUSTMENT | 200
NET-01092 | -0.5737 | -0.0016 | 0.0045 | COMPLIANT_CONVERGENCE_STEP | COMMIT_DERIVATIVE_WEIGHT_ADJUSTMENT | 200
NET-01093 | 0.9576 | -0.1195 | 0.1788 | COMPLIANT_CONVERGENCE_STEP | COMMIT_DERIVATIVE_WEIGHT_ADJUSTMENT | 200
NET-01094 | -1.0163 | -0.0261 | 0.0647 | COMPLIANT_CONVERGENCE_STEP | COMMIT_DERIVATIVE_WEIGHT_ADJUSTMENT | 200
NET-01095 | -0.6150 | -0.0166 | 0.0414 | COMPLIANT_CONVERGENCE_STEP | COMMIT_DERIVATIVE_WEIGHT_ADJUSTMENT | 200
NET-01096 | -2.4920 | 0.1099 | 0.4190 | COMPLIANT_CONVERGENCE_STEP | COMMIT_DERIVATIVE_WEIGHT_ADJUSTMENT | 200
NET-01097 | -3.2273 | -0.0472 | 0.2510 | COMPLIANT_CONVERGENCE_STEP | COMMIT_DERIVATIVE_WEIGHT_ADJUSTMENT | 200
NET-01098 | -0.6053 | -0.1014 | 0.2989 | COMPLIANT_CONVERGENCE_STEP | COMMIT_DERIVATIVE_WEIGHT_ADJUSTMENT | 200
NET-01099 | 3.2081 | 0.0408 | 0.2192 | COMPLIANT_CONVERGENCE_STEP | COMMIT_DERIVATIVE_WEIGHT_ADJUSTMENT | 200
NET-01100 | -0.6834 | -0.1392 | 0.1883 | COMPLIANT_CONVERGENCE_STEP | COMMIT_DERIVATIVE_WEIGHT_ADJUSTMENT | 200
NET-01101 | -1.3254 | 0.0331 | 0.1322 | COMPLIANT_CONVERGENCE_STEP | COMMIT_DERIVATIVE_WEIGHT_ADJUSTMENT | 200
NET-01102 | 2.0325 | 0.1015 | 0.4327 | COMPLIANT_CONVERGENCE_STEP | COMMIT_DERIVATIVE_WEIGHT_ADJUSTMENT | 200
NET-01103 | 0.9902 | -0.0857 | 0.3090 | COMPLIANT_CONVERGENCE_STEP | COMMIT_DERIVATIVE_WEIGHT_ADJUSTMENT | 200
NET-01104 | 2.7531 | 0.0041 | 0.0179 | COMPLIANT_CONVERGENCE_STEP | COMMIT_DERIVATIVE_WEIGHT_ADJUSTMENT | 200
NET-01105 | 3.6945 | -0.1230 | 0.6987 | COMPLIANT_CONVERGENCE_STEP | COMMIT_DERIVATIVE_WEIGHT_ADJUSTMENT | 200
NET-01106 | -1.7403 | 0.0356 | 0.1080 | COMPLIANT_CONVERGENCE_STEP | COMMIT_DERIVATIVE_WEIGHT_ADJUSTMENT | 200
NET-01107 | -1.3436 | -0.0000 | 0.0001 | COMPLIANT_CONVERGENCE_STEP | COMMIT_DERIVATIVE_WEIGHT_ADJUSTMENT | 200
NET-01108 | 3.0893 | -0.0805 | 0.4203 | COMPLIANT_CONVERGENCE_STEP | COMMIT_DERIVATIVE_WEIGHT_ADJUSTMENT | 200
NET-01109 | 0.9040 | -0.0150 | 0.0269 | COMPLIANT_CONVERGENCE_STEP | COMMIT_DERIVATIVE_WEIGHT_ADJUSTMENT | 200
NET-01110 | -2.4414 | 0.1973 | 0.7420 | COMPLIANT_CONVERGENCE_STEP | COMMIT_DERIVATIVE_WEIGHT_ADJUSTMENT | 200
NET-01111 | 1.4780 | 0.1358 | 0.3934 | COMPLIANT_CONVERGENCE_STEP | COMMIT_DERIVATIVE_WEIGHT_ADJUSTMENT | 200
NET-01112 | -0.8306 | -0.0957 | 0.2407 | COMPLIANT_CONVERGENCE_STEP | COMMIT_DERIVATIVE_WEIGHT_ADJUSTMENT | 200
NET-01113 | -2.3701 | -0.0148 | 0.0539 | COMPLIANT_CONVERGENCE_STEP | COMMIT_DERIVATIVE_WEIGHT_ADJUSTMENT | 200
NET-01114 | 1.5124 | 0.0354 | 0.1151 | COMPLIANT_CONVERGENCE_STEP | COMMIT_DERIVATIVE_WEIGHT_ADJUSTMENT | 200
NET-01115 | 1.5054 | 0.1213 | 0.3356 | COMPLIANT_CONVERGENCE_STEP | COMMIT_DERIVATIVE_WEIGHT_ADJUSTMENT | 200
NET-01116 | -0.7486 | 0.0868 | 0.2158 | COMPLIANT_CONVERGENCE_STEP | COMMIT_DERIVATIVE_WEIGHT_ADJUSTMENT | 200
NET-01117 | -3.2532 | 0.1639 | 0.8116 | COMPLIANT_CONVERGENCE_STEP | COMMIT_DERIVATIVE_WEIGHT_ADJUSTMENT | 200
NET-01118 | 3.7817 | -0.0289 | 0.1758 | COMPLIANT_CONVERGENCE_STEP | COMMIT_DERIVATIVE_WEIGHT_ADJUSTMENT | 200
NET-01119 | -0.5976 | 0.0634 | 0.1375 | COMPLIANT_CONVERGENCE_STEP | COMMIT_DERIVATIVE_WEIGHT_ADJUSTMENT | 200
NET-01120 | -1.3230 | 0.0827 | 0.2782 | COMPLIANT_CONVERGENCE_STEP | COMMIT_DERIVATIVE_WEIGHT_ADJUSTMENT | 200
NET-01121 | 3.0547 | -0.0044 | 0.0206 | COMPLIANT_CONVERGENCE_STEP | COMMIT_DERIVATIVE_WEIGHT_ADJUSTMENT | 200
NET-01122 | 3.5307 | -0.0474 | 0.2558 | COMPLIANT_CONVERGENCE_STEP | COMMIT_DERIVATIVE_WEIGHT_ADJUSTMENT | 200
NET-01123 | 3.5626 | -0.2194 | 1.2421 | COMPLIANT_CONVERGENCE_STEP | COMMIT_DERIVATIVE_WEIGHT_ADJUSTMENT | 200
NET-01124 | 2.0312 | 0.1939 | 0.6146 | COMPLIANT_CONVERGENCE_STEP | COMMIT_DERIVATIVE_WEIGHT_ADJUSTMENT | 200
NET-01125 | 0.1964 | -0.1062 | 0.1665 | COMPLIANT_CONVERGENCE_STEP | COMMIT_DERIVATIVE_WEIGHT_ADJUSTMENT | 200
NET-01126 | -0.0407 | -0.1016 | 0.0624 | COMPLIANT_CONVERGENCE_STEP | COMMIT_DERIVATIVE_WEIGHT_ADJUSTMENT | 200
NET-01127 | -3.1150 | -0.0058 | 0.0273 | COMPLIANT_CONVERGENCE_STEP | COMMIT_DERIVATIVE_WEIGHT_ADJUSTMENT | 200
NET-01128 | 0.7816 | -0.0298 | 0.0828 | COMPLIANT_CONVERGENCE_STEP | COMMIT_DERIVATIVE_WEIGHT_ADJUSTMENT | 200
NET-01129 | -2.2770 | -0.0226 | 0.0934 | COMPLIANT_CONVERGENCE_STEP | COMMIT_DERIVATIVE_WEIGHT_ADJUSTMENT | 200
NET-01130 | -2.5945 | -0.0884 | 0.3654 | COMPLIANT_CONVERGENCE_STEP | COMMIT_DERIVATIVE_WEIGHT_ADJUSTMENT | 200
NET-01131 | 0.3822 | -0.1329 | 0.2939 | COMPLIANT_CONVERGENCE_STEP | COMMIT_DERIVATIVE_WEIGHT_ADJUSTMENT | 200
NET-01132 | -1.0834 | -0.0856 | 0.2104 | COMPLIANT_CONVERGENCE_STEP | COMMIT_DERIVATIVE_WEIGHT_ADJUSTMENT | 200
NET-01133 | -3.9713 | -0.1237 | 0.7625 | COMPLIANT_CONVERGENCE_STEP | COMMIT_DERIVATIVE_WEIGHT_ADJUSTMENT | 200
NET-01134 | -1.8348 | 0.0287 | 0.0825 | COMPLIANT_CONVERGENCE_STEP | COMMIT_DERIVATIVE_WEIGHT_ADJUSTMENT | 200
NET-01135 | 2.0720 | 0.1618 | 0.5499 | COMPLIANT_CONVERGENCE_STEP | COMMIT_DERIVATIVE_WEIGHT_ADJUSTMENT | 200
NET-01136 | -2.9425 | -0.0047 | 0.0214 | COMPLIANT_CONVERGENCE_STEP | COMMIT_DERIVATIVE_WEIGHT_ADJUSTMENT | 200
NET-01137 | 1.3650 | -0.0857 | 0.2763 | COMPLIANT_CONVERGENCE_STEP | COMMIT_DERIVATIVE_WEIGHT_ADJUSTMENT | 200
NET-01138 | -0.7939 | 0.1492 | 0.2691 | COMPLIANT_CONVERGENCE_STEP | COMMIT_DERIVATIVE_WEIGHT_ADJUSTMENT | 200
NET-01139 | -0.1871 | 0.1035 | 0.0303 | COMPLIANT_CONVERGENCE_STEP | COMMIT_DERIVATIVE_WEIGHT_ADJUSTMENT | 200
NET-01140 | 1.9170 | -0.0310 | 0.1156 | COMPLIANT_CONVERGENCE_STEP | COMMIT_DERIVATIVE_WEIGHT_ADJUSTMENT | 200
NET-01141 | 2.3836 | 0.1215 | 0.4415 | COMPLIANT_CONVERGENCE_STEP | COMMIT_DERIVATIVE_WEIGHT_ADJUSTMENT | 200
NET-01142 | -2.2853 | 0.0536 | 0.2163 | COMPLIANT_CONVERGENCE_STEP | COMMIT_DERIVATIVE_WEIGHT_ADJUSTMENT | 200
NET-01143 | 0.8127 | 0.0572 | 0.0933 | COMPLIANT_CONVERGENCE_STEP | COMMIT_DERIVATIVE_WEIGHT_ADJUSTMENT | 200
NET-01144 | 0.2771 | 0.1420 | 0.0853 | COMPLIANT_CONVERGENCE_STEP | COMMIT_DERIVATIVE_WEIGHT_ADJUSTMENT | 200
NET-01145 | -0.6645 | 0.0911 | 0.1949 | COMPLIANT_CONVERGENCE_STEP | COMMIT_DERIVATIVE_WEIGHT_ADJUSTMENT | 200
NET-01146 | 2.6966 | -0.0665 | 0.2754 | COMPLIANT_CONVERGENCE_STEP | COMMIT_DERIVATIVE_WEIGHT_ADJUSTMENT | 200
NET-01147 | 0.5601 | 0.1714 | 0.5025 | COMPLIANT_CONVERGENCE_STEP | COMMIT_DERIVATIVE_WEIGHT_ADJUSTMENT | 200
NET-01148 | 0.4268 | 0.1686 | 0.2515 | COMPLIANT_CONVERGENCE_STEP | COMMIT_DERIVATIVE_WEIGHT_ADJUSTMENT | 200
NET-01149 | 1.1912 | 0.0704 | 0.2264 | COMPLIANT_CONVERGENCE_STEP | COMMIT_DERIVATIVE_WEIGHT_ADJUSTMENT | 200
NET-01150 | 2.3456 | -0.0774 | 0.2871 | COMPLIANT_CONVERGENCE_STEP | COMMIT_DERIVATIVE_WEIGHT_ADJUSTMENT | 200
NET-01151 | 0.8370 | 0.0233 | 0.0441 | COMPLIANT_CONVERGENCE_STEP | COMMIT_DERIVATIVE_WEIGHT_ADJUSTMENT | 200
NET-01152 | 2.8321 | 0.0513 | 0.2230 | COMPLIANT_CONVERGENCE_STEP | COMMIT_DERIVATIVE_WEIGHT_ADJUSTMENT | 200
NET-01153 | 0.5285 | -0.0033 | 0.0061 | COMPLIANT_CONVERGENCE_STEP | COMMIT_DERIVATIVE_WEIGHT_ADJUSTMENT | 200
NET-01154 | 1.3107 | 0.1727 | 0.3470 | COMPLIANT_CONVERGENCE_STEP | COMMIT_DERIVATIVE_WEIGHT_ADJUSTMENT | 200
NET-01155 | 0.8895 | -0.0555 | 0.0757 | COMPLIANT_CONVERGENCE_STEP | COMMIT_DERIVATIVE_WEIGHT_ADJUSTMENT | 200
NET-01156 | 1.0341 | -0.0427 | 0.0978 | COMPLIANT_CONVERGENCE_STEP | COMMIT_DERIVATIVE_WEIGHT_ADJUSTMENT | 200
NET-01157 | -3.4967 | -0.0113 | 0.0627 | COMPLIANT_CONVERGENCE_STEP | COMMIT_DERIVATIVE_WEIGHT_ADJUSTMENT | 200
NET-01158 | 3.6611 | -0.1199 | 0.6948 | COMPLIANT_CONVERGENCE_STEP | COMMIT_DERIVATIVE_WEIGHT_ADJUSTMENT | 200
NET-01159 | 1.1981 | 0.1190 | 0.4080 | COMPLIANT_CONVERGENCE_STEP | COMMIT_DERIVATIVE_WEIGHT_ADJUSTMENT | 200
NET-01160 | -2.1930 | -0.1457 | 0.6251 | COMPLIANT_CONVERGENCE_STEP | COMMIT_DERIVATIVE_WEIGHT_ADJUSTMENT | 200
NET-01161 | 2.1359 | -0.0139 | 0.0464 | COMPLIANT_CONVERGENCE_STEP | COMMIT_DERIVATIVE_WEIGHT_ADJUSTMENT | 200
NET-01162 | -0.6873 | 0.0433 | 0.1514 | COMPLIANT_CONVERGENCE_STEP | COMMIT_DERIVATIVE_WEIGHT_ADJUSTMENT | 200
NET-01163 | -0.3523 | 0.0023 | 0.0036 | COMPLIANT_CONVERGENCE_STEP | COMMIT_DERIVATIVE_WEIGHT_ADJUSTMENT | 200
NET-01164 | 1.4535 | 0.0116 | 0.0274 | COMPLIANT_CONVERGENCE_STEP | COMMIT_DERIVATIVE_WEIGHT_ADJUSTMENT | 200
NET-01165 | -0.6134 | -0.1202 | 0.3864 | COMPLIANT_CONVERGENCE_STEP | COMMIT_DERIVATIVE_WEIGHT_ADJUSTMENT | 200
NET-01166 | 1.9368 | 0.1082 | 0.3381 | COMPLIANT_CONVERGENCE_STEP | COMMIT_DERIVATIVE_WEIGHT_ADJUSTMENT | 200
NET-01167 | 0.6045 | 0.0547 | 0.1746 | COMPLIANT_CONVERGENCE_STEP | COMMIT_DERIVATIVE_WEIGHT_ADJUSTMENT | 200
NET-01168 | 1.3214 | -0.0898 | 0.2716 | COMPLIANT_CONVERGENCE_STEP | COMMIT_DERIVATIVE_WEIGHT_ADJUSTMENT | 200
NET-01169 | -3.8308 | 0.0366 | 0.2141 | COMPLIANT_CONVERGENCE_STEP | COMMIT_DERIVATIVE_WEIGHT_ADJUSTMENT | 200
NET-01170 | -0.9900 | -0.0913 | 0.1764 | COMPLIANT_CONVERGENCE_STEP | COMMIT_DERIVATIVE_WEIGHT_ADJUSTMENT | 200
NET-01171 | 0.1918 | -0.1831 | 0.2064 | COMPLIANT_CONVERGENCE_STEP | COMMIT_DERIVATIVE_WEIGHT_ADJUSTMENT | 200
NET-01172 | 3.6551 | 0.0409 | 0.2285 | COMPLIANT_CONVERGENCE_STEP | COMMIT_DERIVATIVE_WEIGHT_ADJUSTMENT | 200
NET-01173 | 1.8868 | -0.0619 | 0.2055 | COMPLIANT_CONVERGENCE_STEP | COMMIT_DERIVATIVE_WEIGHT_ADJUSTMENT | 200
NET-01174 | -0.3359 | 0.1341 | 0.3075 | COMPLIANT_CONVERGENCE_STEP | COMMIT_DERIVATIVE_WEIGHT_ADJUSTMENT | 200
NET-01175 | 2.1959 | -0.0580 | 0.2316 | COMPLIANT_CONVERGENCE_STEP | COMMIT_DERIVATIVE_WEIGHT_ADJUSTMENT | 200
NET-01176 | 1.2664 | 0.0006 | 0.0016 | COMPLIANT_CONVERGENCE_STEP | COMMIT_DERIVATIVE_WEIGHT_ADJUSTMENT | 200
NET-01177 | 1.1381 | -0.0628 | 0.1587 | COMPLIANT_CONVERGENCE_STEP | COMMIT_DERIVATIVE_WEIGHT_ADJUSTMENT | 200
NET-01178 | -3.6133 | 0.0308 | 0.1725 | COMPLIANT_CONVERGENCE_STEP | COMMIT_DERIVATIVE_WEIGHT_ADJUSTMENT | 200
NET-01179 | 0.5401 | 0.1453 | 0.3606 | COMPLIANT_CONVERGENCE_STEP | COMMIT_DERIVATIVE_WEIGHT_ADJUSTMENT | 200
NET-01180 | -0.3538 | -0.0593 | 0.0718 | COMPLIANT_CONVERGENCE_STEP | COMMIT_DERIVATIVE_WEIGHT_ADJUSTMENT | 200
NET-01181 | 4.0455 | 0.2273 | 1.4156 | COMPLIANT_CONVERGENCE_STEP | COMMIT_DERIVATIVE_WEIGHT_ADJUSTMENT | 200
NET-01182 | -0.2710 | 0.0349 | 0.0525 | COMPLIANT_CONVERGENCE_STEP | COMMIT_DERIVATIVE_WEIGHT_ADJUSTMENT | 200
NET-01183 | 1.3855 | -0.1130 | 0.2550 | COMPLIANT_CONVERGENCE_STEP | COMMIT_DERIVATIVE_WEIGHT_ADJUSTMENT | 200
NET-01184 | 3.3421 | -0.0694 | 0.3570 | COMPLIANT_CONVERGENCE_STEP | COMMIT_DERIVATIVE_WEIGHT_ADJUSTMENT | 200
NET-01185 | -2.4551 | -0.2170 | 0.8536 | COMPLIANT_CONVERGENCE_STEP | COMMIT_DERIVATIVE_WEIGHT_ADJUSTMENT | 200
NET-01186 | 2.4656 | -0.1465 | 0.6073 | COMPLIANT_CONVERGENCE_STEP | COMMIT_DERIVATIVE_WEIGHT_ADJUSTMENT | 200
NET-01187 | 1.5852 | 0.0653 | 0.1591 | COMPLIANT_CONVERGENCE_STEP | COMMIT_DERIVATIVE_WEIGHT_ADJUSTMENT | 200
NET-01188 | -2.1090 | 0.0134 | 0.0526 | COMPLIANT_CONVERGENCE_STEP | COMMIT_DERIVATIVE_WEIGHT_ADJUSTMENT | 200
NET-01189 | -2.2494 | 0.0010 | 0.0036 | COMPLIANT_CONVERGENCE_STEP | COMMIT_DERIVATIVE_WEIGHT_ADJUSTMENT | 200
NET-01190 | 0.3005 | 0.1355 | 0.2742 | COMPLIANT_CONVERGENCE_STEP | COMMIT_DERIVATIVE_WEIGHT_ADJUSTMENT | 200
NET-01191 | -1.9655 | 0.1094 | 0.4265 | COMPLIANT_CONVERGENCE_STEP | COMMIT_DERIVATIVE_WEIGHT_ADJUSTMENT | 200
NET-01192 | -0.8405 | 0.0467 | 0.1275 | COMPLIANT_CONVERGENCE_STEP | COMMIT_DERIVATIVE_WEIGHT_ADJUSTMENT | 200
NET-01193 | -2.3929 | 0.1844 | 0.7882 | COMPLIANT_CONVERGENCE_STEP | COMMIT_DERIVATIVE_WEIGHT_ADJUSTMENT | 200
NET-01194 | 1.2822 | -0.0025 | 0.0051 | COMPLIANT_CONVERGENCE_STEP | COMMIT_DERIVATIVE_WEIGHT_ADJUSTMENT | 200
NET-01195 | -2.2758 | 0.0088 | 0.0368 | COMPLIANT_CONVERGENCE_STEP | COMMIT_DERIVATIVE_WEIGHT_ADJUSTMENT | 200
NET-01196 | 2.1859 | 0.1419 | 0.5095 | COMPLIANT_CONVERGENCE_STEP | COMMIT_DERIVATIVE_WEIGHT_ADJUSTMENT | 200
NET-01197 | 1.3527 | -0.1171 | 0.5039 | COMPLIANT_CONVERGENCE_STEP | COMMIT_DERIVATIVE_WEIGHT_ADJUSTMENT | 200
NET-01198 | 1.5618 | -0.1188 | 0.5042 | COMPLIANT_CONVERGENCE_STEP | COMMIT_DERIVATIVE_WEIGHT_ADJUSTMENT | 200
NET-01199 | 2.7665 | -0.0259 | 0.1174 | COMPLIANT_CONVERGENCE_STEP | COMMIT_DERIVATIVE_WEIGHT_ADJUSTMENT | 200
NET-01200 | -1.8920 | 0.0166 | 0.0566 | COMPLIANT_CONVERGENCE_STEP | COMMIT_DERIVATIVE_WEIGHT_ADJUSTMENT | 200
NET-01201 | 1.3707 | -0.0673 | 0.1618 | COMPLIANT_CONVERGENCE_STEP | COMMIT_DERIVATIVE_WEIGHT_ADJUSTMENT | 200
NET-01202 | -2.8989 | -0.1044 | 0.4881 | COMPLIANT_CONVERGENCE_STEP | COMMIT_DERIVATIVE_WEIGHT_ADJUSTMENT | 200
NET-01203 | -1.8760 | -0.0191 | 0.0820 | COMPLIANT_CONVERGENCE_STEP | COMMIT_DERIVATIVE_WEIGHT_ADJUSTMENT | 200
NET-01204 | -2.2401 | 0.0489 | 0.1844 | COMPLIANT_CONVERGENCE_STEP | COMMIT_DERIVATIVE_WEIGHT_ADJUSTMENT | 200
NET-01205 | -0.6518 | -0.0451 | 0.0628 | COMPLIANT_CONVERGENCE_STEP | COMMIT_DERIVATIVE_WEIGHT_ADJUSTMENT | 200
NET-01206 | 0.5297 | -0.1310 | 0.3396 | COMPLIANT_CONVERGENCE_STEP | COMMIT_DERIVATIVE_WEIGHT_ADJUSTMENT | 200
NET-01207 | -0.0750 | 0.0329 | 0.0665 | COMPLIANT_CONVERGENCE_STEP | COMMIT_DERIVATIVE_WEIGHT_ADJUSTMENT | 200
NET-01208 | -1.1449 | -0.2353 | 0.5104 | COMPLIANT_CONVERGENCE_STEP | COMMIT_DERIVATIVE_WEIGHT_ADJUSTMENT | 200
NET-01209 | -1.1606 | 0.0557 | 0.1161 | COMPLIANT_CONVERGENCE_STEP | COMMIT_DERIVATIVE_WEIGHT_ADJUSTMENT | 200
NET-01210 | 2.6338 | 0.0016 | 0.0074 | COMPLIANT_CONVERGENCE_STEP | COMMIT_DERIVATIVE_WEIGHT_ADJUSTMENT | 200
NET-01211 | 0.6445 | 0.0678 | 0.1530 | COMPLIANT_CONVERGENCE_STEP | COMMIT_DERIVATIVE_WEIGHT_ADJUSTMENT | 200
NET-01212 | -0.8580 | -0.0330 | 0.0520 | COMPLIANT_CONVERGENCE_STEP | COMMIT_DERIVATIVE_WEIGHT_ADJUSTMENT | 200
NET-01213 | -0.9777 | 0.1884 | 0.5750 | COMPLIANT_CONVERGENCE_STEP | COMMIT_DERIVATIVE_WEIGHT_ADJUSTMENT | 200
NET-01214 | 1.1531 | 0.0595 | 0.1596 | COMPLIANT_CONVERGENCE_STEP | COMMIT_DERIVATIVE_WEIGHT_ADJUSTMENT | 200
NET-01215 | 2.0247 | 0.1066 | 0.3482 | COMPLIANT_CONVERGENCE_STEP | COMMIT_DERIVATIVE_WEIGHT_ADJUSTMENT | 200
NET-01216 | -0.4537 | -0.0157 | 0.0420 | COMPLIANT_CONVERGENCE_STEP | COMMIT_DERIVATIVE_WEIGHT_ADJUSTMENT | 200
NET-01217 | -1.4438 | -0.1086 | 0.4105 | COMPLIANT_CONVERGENCE_STEP | COMMIT_DERIVATIVE_WEIGHT_ADJUSTMENT | 200
NET-01218 | 2.6562 | -0.0850 | 0.4041 | COMPLIANT_CONVERGENCE_STEP | COMMIT_DERIVATIVE_WEIGHT_ADJUSTMENT | 200
NET-01219 | 0.2260 | 0.2360 | 0.3596 | COMPLIANT_CONVERGENCE_STEP | COMMIT_DERIVATIVE_WEIGHT_ADJUSTMENT | 200
NET-01220 | -2.1189 | -0.2190 | 0.7239 | COMPLIANT_CONVERGENCE_STEP | COMMIT_DERIVATIVE_WEIGHT_ADJUSTMENT | 200
NET-01221 | 2.6434 | -0.0435 | 0.1892 | COMPLIANT_CONVERGENCE_STEP | COMMIT_DERIVATIVE_WEIGHT_ADJUSTMENT | 200
NET-01222 | -0.9937 | 0.0939 | 0.2969 | COMPLIANT_CONVERGENCE_STEP | COMMIT_DERIVATIVE_WEIGHT_ADJUSTMENT | 200
NET-01223 | 0.9389 | -0.0034 | 0.0099 | COMPLIANT_CONVERGENCE_STEP | COMMIT_DERIVATIVE_WEIGHT_ADJUSTMENT | 200
NET-01224 | 4.2092 | -0.0089 | 0.0586 | COMPLIANT_CONVERGENCE_STEP | COMMIT_DERIVATIVE_WEIGHT_ADJUSTMENT | 200
NET-01225 | 0.5992 | 0.0779 | 0.1715 | COMPLIANT_CONVERGENCE_STEP | COMMIT_DERIVATIVE_WEIGHT_ADJUSTMENT | 200
NET-01226 | -0.4195 | -0.0197 | 0.0462 | COMPLIANT_CONVERGENCE_STEP | COMMIT_DERIVATIVE_WEIGHT_ADJUSTMENT | 200
NET-01227 | 0.2177 | 0.0658 | 0.1033 | COMPLIANT_CONVERGENCE_STEP | COMMIT_DERIVATIVE_WEIGHT_ADJUSTMENT | 200
NET-01228 | -0.8856 | 0.0432 | 0.0875 | COMPLIANT_CONVERGENCE_STEP | COMMIT_DERIVATIVE_WEIGHT_ADJUSTMENT | 200
NET-01229 | 4.1678 | 0.0697 | 0.4476 | COMPLIANT_CONVERGENCE_STEP | COMMIT_DERIVATIVE_WEIGHT_ADJUSTMENT | 200
NET-01230 | 0.3434 | 0.1423 | 0.2467 | COMPLIANT_CONVERGENCE_STEP | COMMIT_DERIVATIVE_WEIGHT_ADJUSTMENT | 200
NET-01231 | 2.2881 | -0.0296 | 0.1120 | COMPLIANT_CONVERGENCE_STEP | COMMIT_DERIVATIVE_WEIGHT_ADJUSTMENT | 200
NET-01232 | -1.9602 | -0.0536 | 0.1615 | COMPLIANT_CONVERGENCE_STEP | COMMIT_DERIVATIVE_WEIGHT_ADJUSTMENT | 200
NET-01233 | -0.9038 | -0.0488 | 0.1266 | COMPLIANT_CONVERGENCE_STEP | COMMIT_DERIVATIVE_WEIGHT_ADJUSTMENT | 200
NET-01234 | -1.3877 | -0.0718 | 0.3047 | COMPLIANT_CONVERGENCE_STEP | COMMIT_DERIVATIVE_WEIGHT_ADJUSTMENT | 200
NET-01235 | 1.2501 | -0.0410 | 0.0789 | COMPLIANT_CONVERGENCE_STEP | COMMIT_DERIVATIVE_WEIGHT_ADJUSTMENT | 200
NET-01236 | 0.0561 | 0.0477 | 0.0729 | COMPLIANT_CONVERGENCE_STEP | COMMIT_DERIVATIVE_WEIGHT_ADJUSTMENT | 200
NET-01237 | 3.0653 | -0.1022 | 0.4833 | COMPLIANT_CONVERGENCE_STEP | COMMIT_DERIVATIVE_WEIGHT_ADJUSTMENT | 200
NET-01238 | -1.6278 | 0.1402 | 0.4987 | COMPLIANT_CONVERGENCE_STEP | COMMIT_DERIVATIVE_WEIGHT_ADJUSTMENT | 200
NET-01239 | 2.4488 | 0.1019 | 0.4437 | COMPLIANT_CONVERGENCE_STEP | COMMIT_DERIVATIVE_WEIGHT_ADJUSTMENT | 200
NET-01240 | -2.0578 | 0.1075 | 0.3473 | COMPLIANT_CONVERGENCE_STEP | COMMIT_DERIVATIVE_WEIGHT_ADJUSTMENT | 200
NET-01241 | 2.4728 | -0.1165 | 0.4484 | COMPLIANT_CONVERGENCE_STEP | COMMIT_DERIVATIVE_WEIGHT_ADJUSTMENT | 200
NET-01242 | 1.8936 | -0.0877 | 0.2566 | COMPLIANT_CONVERGENCE_STEP | COMMIT_DERIVATIVE_WEIGHT_ADJUSTMENT | 200
NET-01243 | 1.5073 | -0.0361 | 0.0927 | COMPLIANT_CONVERGENCE_STEP | COMMIT_DERIVATIVE_WEIGHT_ADJUSTMENT | 200
NET-01244 | 1.4574 | -0.0899 | 0.2829 | COMPLIANT_CONVERGENCE_STEP | COMMIT_DERIVATIVE_WEIGHT_ADJUSTMENT | 200
NET-01245 | 0.9391 | 0.1078 | 0.2593 | COMPLIANT_CONVERGENCE_STEP | COMMIT_DERIVATIVE_WEIGHT_ADJUSTMENT | 200
NET-01246 | 1.8208 | -0.0219 | 0.0703 | COMPLIANT_CONVERGENCE_STEP | COMMIT_DERIVATIVE_WEIGHT_ADJUSTMENT | 200
NET-01247 | -2.2107 | 0.0147 | 0.0529 | COMPLIANT_CONVERGENCE_STEP | COMMIT_DERIVATIVE_WEIGHT_ADJUSTMENT | 200
NET-01248 | -2.5185 | -0.0800 | 0.3492 | COMPLIANT_CONVERGENCE_STEP | COMMIT_DERIVATIVE_WEIGHT_ADJUSTMENT | 200
NET-01249 | 1.3589 | 0.0310 | 0.1208 | COMPLIANT_CONVERGENCE_STEP | COMMIT_DERIVATIVE_WEIGHT_ADJUSTMENT | 200
NET-01250 | 0.2825 | 0.0416 | 0.0461 | COMPLIANT_CONVERGENCE_STEP | COMMIT_DERIVATIVE_WEIGHT_ADJUSTMENT | 200
NET-01251 | 1.6896 | -0.0397 | 0.1123 | COMPLIANT_CONVERGENCE_STEP | COMMIT_DERIVATIVE_WEIGHT_ADJUSTMENT | 200
NET-01252 | 1.1301 | -0.0774 | 0.2191 | COMPLIANT_CONVERGENCE_STEP | COMMIT_DERIVATIVE_WEIGHT_ADJUSTMENT | 200
NET-01253 | -2.6256 | 0.0754 | 0.3071 | COMPLIANT_CONVERGENCE_STEP | COMMIT_DERIVATIVE_WEIGHT_ADJUSTMENT | 200
NET-01254 | -1.0007 | 0.0293 | 0.1000 | COMPLIANT_CONVERGENCE_STEP | COMMIT_DERIVATIVE_WEIGHT_ADJUSTMENT | 200
NET-01255 | 1.6551 | 0.1266 | 0.3221 | COMPLIANT_CONVERGENCE_STEP | COMMIT_DERIVATIVE_WEIGHT_ADJUSTMENT | 200
NET-01256 | 0.7324 | 0.2575 | 0.6207 | COMPLIANT_CONVERGENCE_STEP | COMMIT_DERIVATIVE_WEIGHT_ADJUSTMENT | 200
NET-01257 | -2.4217 | -0.0302 | 0.1119 | COMPLIANT_CONVERGENCE_STEP | COMMIT_DERIVATIVE_WEIGHT_ADJUSTMENT | 200
NET-01258 | 0.8820 | -0.0685 | 0.1488 | COMPLIANT_CONVERGENCE_STEP | COMMIT_DERIVATIVE_WEIGHT_ADJUSTMENT | 200
NET-01259 | -2.2603 | -0.0178 | 0.0716 | COMPLIANT_CONVERGENCE_STEP | COMMIT_DERIVATIVE_WEIGHT_ADJUSTMENT | 200
NET-01260 | -0.7929 | 0.1764 | 0.4594 | COMPLIANT_CONVERGENCE_STEP | COMMIT_DERIVATIVE_WEIGHT_ADJUSTMENT | 200
NET-01261 | -0.4130 | 0.0620 | 0.1336 | COMPLIANT_CONVERGENCE_STEP | COMMIT_DERIVATIVE_WEIGHT_ADJUSTMENT | 200
NET-01262 | 1.7726 | 0.2341 | 0.6772 | COMPLIANT_CONVERGENCE_STEP | COMMIT_DERIVATIVE_WEIGHT_ADJUSTMENT | 200
NET-01263 | -0.8729 | -0.1303 | 0.2232 | COMPLIANT_CONVERGENCE_STEP | COMMIT_DERIVATIVE_WEIGHT_ADJUSTMENT | 200
NET-01264 | 1.2615 | 0.0968 | 0.3311 | COMPLIANT_CONVERGENCE_STEP | COMMIT_DERIVATIVE_WEIGHT_ADJUSTMENT | 200
NET-01265 | -3.8771 | -0.1355 | 0.8033 | COMPLIANT_CONVERGENCE_STEP | COMMIT_DERIVATIVE_WEIGHT_ADJUSTMENT | 200
NET-01266 | -1.1308 | -0.0391 | 0.1505 | COMPLIANT_CONVERGENCE_STEP | COMMIT_DERIVATIVE_WEIGHT_ADJUSTMENT | 200
NET-01267 | -0.5500 | 0.1027 | 0.1011 | COMPLIANT_CONVERGENCE_STEP | COMMIT_DERIVATIVE_WEIGHT_ADJUSTMENT | 200
NET-01268 | -0.3150 | 0.1128 | 0.0640 | COMPLIANT_CONVERGENCE_STEP | COMMIT_DERIVATIVE_WEIGHT_ADJUSTMENT | 200
NET-01269 | 0.1929 | -0.0313 | 0.0303 | COMPLIANT_CONVERGENCE_STEP | COMMIT_DERIVATIVE_WEIGHT_ADJUSTMENT | 200
NET-01270 | -1.8423 | 0.0958 | 0.2747 | COMPLIANT_CONVERGENCE_STEP | COMMIT_DERIVATIVE_WEIGHT_ADJUSTMENT | 200
NET-01271 | 1.9391 | -0.0305 | 0.0949 | COMPLIANT_CONVERGENCE_STEP | COMMIT_DERIVATIVE_WEIGHT_ADJUSTMENT | 200
NET-01272 | 3.6950 | 0.0145 | 0.0866 | COMPLIANT_CONVERGENCE_STEP | COMMIT_DERIVATIVE_WEIGHT_ADJUSTMENT | 200
NET-01273 | 0.9681 | 0.1822 | 0.4661 | COMPLIANT_CONVERGENCE_STEP | COMMIT_DERIVATIVE_WEIGHT_ADJUSTMENT | 200
NET-01274 | -2.8454 | 0.2540 | 1.1593 | COMPLIANT_CONVERGENCE_STEP | COMMIT_DERIVATIVE_WEIGHT_ADJUSTMENT | 200
NET-01275 | -1.2259 | -0.0560 | 0.1478 | COMPLIANT_CONVERGENCE_STEP | COMMIT_DERIVATIVE_WEIGHT_ADJUSTMENT | 200
NET-01276 | -3.4399 | 0.0151 | 0.0797 | COMPLIANT_CONVERGENCE_STEP | COMMIT_DERIVATIVE_WEIGHT_ADJUSTMENT | 200
NET-01277 | -2.6879 | 0.0138 | 0.0590 | COMPLIANT_CONVERGENCE_STEP | COMMIT_DERIVATIVE_WEIGHT_ADJUSTMENT | 200
NET-01278 | 2.9344 | -0.1029 | 0.4897 | COMPLIANT_CONVERGENCE_STEP | COMMIT_DERIVATIVE_WEIGHT_ADJUSTMENT | 200
NET-01279 | -1.6140 | -0.1187 | 0.3837 | COMPLIANT_CONVERGENCE_STEP | COMMIT_DERIVATIVE_WEIGHT_ADJUSTMENT | 200
NET-01280 | -0.9673 | -0.0004 | 0.0008 | COMPLIANT_CONVERGENCE_STEP | COMMIT_DERIVATIVE_WEIGHT_ADJUSTMENT | 200
NET-01281 | 0.8609 | 0.0302 | 0.0399 | COMPLIANT_CONVERGENCE_STEP | COMMIT_DERIVATIVE_WEIGHT_ADJUSTMENT | 200
NET-01282 | 2.2129 | -0.0649 | 0.2358 | COMPLIANT_CONVERGENCE_STEP | COMMIT_DERIVATIVE_WEIGHT_ADJUSTMENT | 200
NET-01283 | -0.8110 | 0.1027 | 0.2476 | COMPLIANT_CONVERGENCE_STEP | COMMIT_DERIVATIVE_WEIGHT_ADJUSTMENT | 200
NET-01284 | -4.2177 | -0.0744 | 0.4809 | COMPLIANT_CONVERGENCE_STEP | COMMIT_DERIVATIVE_WEIGHT_ADJUSTMENT | 200
NET-01285 | -0.9259 | -0.0476 | 0.0769 | COMPLIANT_CONVERGENCE_STEP | COMMIT_DERIVATIVE_WEIGHT_ADJUSTMENT | 200
NET-01286 | 1.4572 | -0.0749 | 0.2457 | COMPLIANT_CONVERGENCE_STEP | COMMIT_DERIVATIVE_WEIGHT_ADJUSTMENT | 200
NET-01287 | -2.0902 | 0.2173 | 0.8210 | COMPLIANT_CONVERGENCE_STEP | COMMIT_DERIVATIVE_WEIGHT_ADJUSTMENT | 200
NET-01288 | -1.9035 | 0.0402 | 0.1284 | COMPLIANT_CONVERGENCE_STEP | COMMIT_DERIVATIVE_WEIGHT_ADJUSTMENT | 200
NET-01289 | -4.1540 | 0.0203 | 0.1293 | COMPLIANT_CONVERGENCE_STEP | COMMIT_DERIVATIVE_WEIGHT_ADJUSTMENT | 200
NET-01290 | -1.5736 | -0.0040 | 0.0151 | COMPLIANT_CONVERGENCE_STEP | COMMIT_DERIVATIVE_WEIGHT_ADJUSTMENT | 200
NET-01291 | 0.7690 | -0.0463 | 0.1315 | COMPLIANT_CONVERGENCE_STEP | COMMIT_DERIVATIVE_WEIGHT_ADJUSTMENT | 200
NET-01292 | -3.4775 | -0.2160 | 1.1647 | COMPLIANT_CONVERGENCE_STEP | COMMIT_DERIVATIVE_WEIGHT_ADJUSTMENT | 200
NET-01293 | 0.7609 | 0.0513 | 0.0641 | COMPLIANT_CONVERGENCE_STEP | COMMIT_DERIVATIVE_WEIGHT_ADJUSTMENT | 200
NET-01294 | 1.0021 | 0.0487 | 0.0860 | COMPLIANT_CONVERGENCE_STEP | COMMIT_DERIVATIVE_WEIGHT_ADJUSTMENT | 200
NET-01295 | 0.2977 | -0.1230 | 0.3725 | COMPLIANT_CONVERGENCE_STEP | COMMIT_DERIVATIVE_WEIGHT_ADJUSTMENT | 200
NET-01296 | -0.3841 | -0.0016 | 0.0046 | COMPLIANT_CONVERGENCE_STEP | COMMIT_DERIVATIVE_WEIGHT_ADJUSTMENT | 200
NET-01297 | -2.4648 | -0.1218 | 0.4604 | COMPLIANT_CONVERGENCE_STEP | COMMIT_DERIVATIVE_WEIGHT_ADJUSTMENT | 200
NET-01298 | -0.9708 | 0.0101 | 0.0363 | COMPLIANT_CONVERGENCE_STEP | COMMIT_DERIVATIVE_WEIGHT_ADJUSTMENT | 200
NET-01299 | 1.2160 | 0.1147 | 0.2164 | COMPLIANT_CONVERGENCE_STEP | COMMIT_DERIVATIVE_WEIGHT_ADJUSTMENT | 200
NET-01300 | 0.2742 | 0.1408 | 0.2900 | COMPLIANT_CONVERGENCE_STEP | COMMIT_DERIVATIVE_WEIGHT_ADJUSTMENT | 200
NET-01301 | -2.5614 | 0.1914 | 0.8390 | COMPLIANT_CONVERGENCE_STEP | COMMIT_DERIVATIVE_WEIGHT_ADJUSTMENT | 200
NET-01302 | 1.0207 | -0.0718 | 0.2960 | COMPLIANT_CONVERGENCE_STEP | COMMIT_DERIVATIVE_WEIGHT_ADJUSTMENT | 200
NET-01303 | -2.8823 | -0.1240 | 0.5637 | COMPLIANT_CONVERGENCE_STEP | COMMIT_DERIVATIVE_WEIGHT_ADJUSTMENT | 200
NET-01304 | 0.8152 | -0.1898 | 0.2970 | COMPLIANT_CONVERGENCE_STEP | COMMIT_DERIVATIVE_WEIGHT_ADJUSTMENT | 200
NET-01305 | 2.1514 | -0.0829 | 0.2861 | COMPLIANT_CONVERGENCE_STEP | COMMIT_DERIVATIVE_WEIGHT_ADJUSTMENT | 200
NET-01306 | 2.7187 | -0.1018 | 0.4226 | COMPLIANT_CONVERGENCE_STEP | COMMIT_DERIVATIVE_WEIGHT_ADJUSTMENT | 200
NET-01307 | 1.7124 | 0.0780 | 0.2028 | COMPLIANT_CONVERGENCE_STEP | COMMIT_DERIVATIVE_WEIGHT_ADJUSTMENT | 200
NET-01308 | 3.2173 | 0.1424 | 0.7381 | COMPLIANT_CONVERGENCE_STEP | COMMIT_DERIVATIVE_WEIGHT_ADJUSTMENT | 200
NET-01309 | -0.5363 | -0.0754 | 0.1084 | COMPLIANT_CONVERGENCE_STEP | COMMIT_DERIVATIVE_WEIGHT_ADJUSTMENT | 200
NET-01310 | 2.0018 | -0.0433 | 0.1373 | COMPLIANT_CONVERGENCE_STEP | COMMIT_DERIVATIVE_WEIGHT_ADJUSTMENT | 200
NET-01311 | -3.2125 | 0.0088 | 0.0434 | COMPLIANT_CONVERGENCE_STEP | COMMIT_DERIVATIVE_WEIGHT_ADJUSTMENT | 200
NET-01312 | 1.8751 | -0.0310 | 0.1120 | COMPLIANT_CONVERGENCE_STEP | COMMIT_DERIVATIVE_WEIGHT_ADJUSTMENT | 200
NET-01313 | -0.3892 | -0.0390 | 0.0528 | COMPLIANT_CONVERGENCE_STEP | COMMIT_DERIVATIVE_WEIGHT_ADJUSTMENT | 200
NET-01314 | 3.4737 | -0.1317 | 0.7480 | COMPLIANT_CONVERGENCE_STEP | COMMIT_DERIVATIVE_WEIGHT_ADJUSTMENT | 200
NET-01315 | 0.6222 | -0.1247 | 0.2414 | COMPLIANT_CONVERGENCE_STEP | COMMIT_DERIVATIVE_WEIGHT_ADJUSTMENT | 200
NET-01316 | 0.3473 | -0.0512 | 0.0700 | COMPLIANT_CONVERGENCE_STEP | COMMIT_DERIVATIVE_WEIGHT_ADJUSTMENT | 200
NET-01317 | 0.2127 | -0.0816 | 0.0263 | COMPLIANT_CONVERGENCE_STEP | COMMIT_DERIVATIVE_WEIGHT_ADJUSTMENT | 200
NET-01318 | 3.0170 | -0.0069 | 0.0354 | COMPLIANT_CONVERGENCE_STEP | COMMIT_DERIVATIVE_WEIGHT_ADJUSTMENT | 200
NET-01319 | -3.4685 | 0.0622 | 0.3323 | COMPLIANT_CONVERGENCE_STEP | COMMIT_DERIVATIVE_WEIGHT_ADJUSTMENT | 200
NET-01320 | -3.5111 | -0.0759 | 0.4080 | COMPLIANT_CONVERGENCE_STEP | COMMIT_DERIVATIVE_WEIGHT_ADJUSTMENT | 200
NET-01321 | -1.6582 | 0.1535 | 0.3998 | COMPLIANT_CONVERGENCE_STEP | COMMIT_DERIVATIVE_WEIGHT_ADJUSTMENT | 200
NET-01322 | -0.6361 | -0.0861 | 0.2742 | COMPLIANT_CONVERGENCE_STEP | COMMIT_DERIVATIVE_WEIGHT_ADJUSTMENT | 200
NET-01323 | 1.3975 | 0.1391 | 0.4744 | COMPLIANT_CONVERGENCE_STEP | COMMIT_DERIVATIVE_WEIGHT_ADJUSTMENT | 200
NET-01324 | -1.9454 | -0.0214 | 0.0643 | COMPLIANT_CONVERGENCE_STEP | COMMIT_DERIVATIVE_WEIGHT_ADJUSTMENT | 200
NET-01325 | 1.9585 | 0.0900 | 0.3900 | COMPLIANT_CONVERGENCE_STEP | COMMIT_DERIVATIVE_WEIGHT_ADJUSTMENT | 200
NET-01326 | -1.7872 | -0.0584 | 0.1701 | COMPLIANT_CONVERGENCE_STEP | COMMIT_DERIVATIVE_WEIGHT_ADJUSTMENT | 200
NET-01327 | -2.8675 | 0.0128 | 0.0574 | COMPLIANT_CONVERGENCE_STEP | COMMIT_DERIVATIVE_WEIGHT_ADJUSTMENT | 200
NET-01328 | 1.6834 | 0.1623 | 0.4522 | COMPLIANT_CONVERGENCE_STEP | COMMIT_DERIVATIVE_WEIGHT_ADJUSTMENT | 200
NET-01329 | 2.1198 | -0.0255 | 0.0928 | COMPLIANT_CONVERGENCE_STEP | COMMIT_DERIVATIVE_WEIGHT_ADJUSTMENT | 200
NET-01330 | -0.5642 | 0.0522 | 0.0672 | COMPLIANT_CONVERGENCE_STEP | COMMIT_DERIVATIVE_WEIGHT_ADJUSTMENT | 200
NET-01331 | -0.0609 | -0.0957 | 0.0660 | COMPLIANT_CONVERGENCE_STEP | COMMIT_DERIVATIVE_WEIGHT_ADJUSTMENT | 200
NET-01332 | 0.5187 | -0.0214 | 0.0440 | COMPLIANT_CONVERGENCE_STEP | COMMIT_DERIVATIVE_WEIGHT_ADJUSTMENT | 200
NET-01333 | -0.5484 | -0.0150 | 0.0377 | COMPLIANT_CONVERGENCE_STEP | COMMIT_DERIVATIVE_WEIGHT_ADJUSTMENT | 200
NET-01334 | 3.9633 | 0.1050 | 0.6354 | COMPLIANT_CONVERGENCE_STEP | COMMIT_DERIVATIVE_WEIGHT_ADJUSTMENT | 200
NET-01335 | 1.5503 | 0.0098 | 0.0421 | COMPLIANT_CONVERGENCE_STEP | COMMIT_DERIVATIVE_WEIGHT_ADJUSTMENT | 200
NET-01336 | 0.0817 | 0.0255 | 0.0389 | COMPLIANT_CONVERGENCE_STEP | COMMIT_DERIVATIVE_WEIGHT_ADJUSTMENT | 200
NET-01337 | -3.1071 | -0.0837 | 0.4181 | COMPLIANT_CONVERGENCE_STEP | COMMIT_DERIVATIVE_WEIGHT_ADJUSTMENT | 200
NET-01338 | 0.2293 | -0.1919 | 0.3376 | COMPLIANT_CONVERGENCE_STEP | COMMIT_DERIVATIVE_WEIGHT_ADJUSTMENT | 200
NET-01339 | -2.8417 | 0.1165 | 0.5186 | COMPLIANT_CONVERGENCE_STEP | COMMIT_DERIVATIVE_WEIGHT_ADJUSTMENT | 200
NET-01340 | -3.2965 | -0.0949 | 0.4829 | COMPLIANT_CONVERGENCE_STEP | COMMIT_DERIVATIVE_WEIGHT_ADJUSTMENT | 200
NET-01341 | -2.6817 | 0.2343 | 1.0342 | COMPLIANT_CONVERGENCE_STEP | COMMIT_DERIVATIVE_WEIGHT_ADJUSTMENT | 200
NET-01342 | -0.4823 | 0.1136 | 0.0928 | COMPLIANT_CONVERGENCE_STEP | COMMIT_DERIVATIVE_WEIGHT_ADJUSTMENT | 200
NET-01343 | 1.7615 | 0.0714 | 0.2392 | COMPLIANT_CONVERGENCE_STEP | COMMIT_DERIVATIVE_WEIGHT_ADJUSTMENT | 200
NET-01344 | 2.4477 | 0.1206 | 0.4822 | COMPLIANT_CONVERGENCE_STEP | COMMIT_DERIVATIVE_WEIGHT_ADJUSTMENT | 200
NET-01345 | 1.5101 | 0.1288 | 0.3112 | COMPLIANT_CONVERGENCE_STEP | COMMIT_DERIVATIVE_WEIGHT_ADJUSTMENT | 200
NET-01346 | -1.1572 | -0.0590 | 0.1213 | COMPLIANT_CONVERGENCE_STEP | COMMIT_DERIVATIVE_WEIGHT_ADJUSTMENT | 200
NET-01347 | -0.1735 | 0.0393 | 0.0582 | COMPLIANT_CONVERGENCE_STEP | COMMIT_DERIVATIVE_WEIGHT_ADJUSTMENT | 200
NET-01348 | 0.1897 | -0.0273 | 0.0481 | COMPLIANT_CONVERGENCE_STEP | COMMIT_DERIVATIVE_WEIGHT_ADJUSTMENT | 200
NET-01349 | 3.4433 | -0.1474 | 0.7868 | COMPLIANT_CONVERGENCE_STEP | COMMIT_DERIVATIVE_WEIGHT_ADJUSTMENT | 200
NET-01350 | -1.9127 | -0.0072 | 0.0295 | COMPLIANT_CONVERGENCE_STEP | COMMIT_DERIVATIVE_WEIGHT_ADJUSTMENT | 200
NET-01351 | 3.0885 | -0.0917 | 0.4374 | COMPLIANT_CONVERGENCE_STEP | COMMIT_DERIVATIVE_WEIGHT_ADJUSTMENT | 200
NET-01352 | 0.7119 | 0.0064 | 0.0070 | COMPLIANT_CONVERGENCE_STEP | COMMIT_DERIVATIVE_WEIGHT_ADJUSTMENT | 200
NET-01353 | -1.7019 | 0.0902 | 0.3058 | COMPLIANT_CONVERGENCE_STEP | COMMIT_DERIVATIVE_WEIGHT_ADJUSTMENT | 200
NET-01354 | 1.3197 | -0.1151 | 0.2500 | COMPLIANT_CONVERGENCE_STEP | COMMIT_DERIVATIVE_WEIGHT_ADJUSTMENT | 200
NET-01355 | 0.9312 | 0.0714 | 0.1646 | COMPLIANT_CONVERGENCE_STEP | COMMIT_DERIVATIVE_WEIGHT_ADJUSTMENT | 200
NET-01356 | 3.5975 | 0.0968 | 0.5490 | COMPLIANT_CONVERGENCE_STEP | COMMIT_DERIVATIVE_WEIGHT_ADJUSTMENT | 200
NET-01357 | 1.7525 | -0.0062 | 0.0225 | COMPLIANT_CONVERGENCE_STEP | COMMIT_DERIVATIVE_WEIGHT_ADJUSTMENT | 200
NET-01358 | -0.0844 | 0.1015 | 0.0765 | COMPLIANT_CONVERGENCE_STEP | COMMIT_DERIVATIVE_WEIGHT_ADJUSTMENT | 200
NET-01359 | -2.4005 | 0.0101 | 0.0391 | COMPLIANT_CONVERGENCE_STEP | COMMIT_DERIVATIVE_WEIGHT_ADJUSTMENT | 200
NET-01360 | 0.0394 | -0.0387 | 0.0369 | COMPLIANT_CONVERGENCE_STEP | COMMIT_DERIVATIVE_WEIGHT_ADJUSTMENT | 200
NET-01361 | 1.5050 | -0.0560 | 0.2091 | COMPLIANT_CONVERGENCE_STEP | COMMIT_DERIVATIVE_WEIGHT_ADJUSTMENT | 200
NET-01362 | -0.9906 | 0.1055 | 0.2740 | COMPLIANT_CONVERGENCE_STEP | COMMIT_DERIVATIVE_WEIGHT_ADJUSTMENT | 200
NET-01363 | 0.1204 | 0.0470 | 0.0581 | COMPLIANT_CONVERGENCE_STEP | COMMIT_DERIVATIVE_WEIGHT_ADJUSTMENT | 200
NET-01364 | 1.5353 | -0.1165 | 0.2989 | COMPLIANT_CONVERGENCE_STEP | COMMIT_DERIVATIVE_WEIGHT_ADJUSTMENT | 200
NET-01365 | -0.0340 | -0.0773 | 0.1893 | COMPLIANT_CONVERGENCE_STEP | COMMIT_DERIVATIVE_WEIGHT_ADJUSTMENT | 200
NET-01366 | -2.6744 | -0.2349 | 0.9603 | COMPLIANT_CONVERGENCE_STEP | COMMIT_DERIVATIVE_WEIGHT_ADJUSTMENT | 200
NET-01367 | 1.8521 | -0.1224 | 0.3498 | COMPLIANT_CONVERGENCE_STEP | COMMIT_DERIVATIVE_WEIGHT_ADJUSTMENT | 200
NET-01368 | 3.1997 | -0.1065 | 0.5198 | COMPLIANT_CONVERGENCE_STEP | COMMIT_DERIVATIVE_WEIGHT_ADJUSTMENT | 200
NET-01369 | -0.9115 | 0.1601 | 0.4638 | COMPLIANT_CONVERGENCE_STEP | COMMIT_DERIVATIVE_WEIGHT_ADJUSTMENT | 200
NET-01370 | -2.1983 | -0.0771 | 0.2607 | COMPLIANT_CONVERGENCE_STEP | COMMIT_DERIVATIVE_WEIGHT_ADJUSTMENT | 200
NET-01371 | 3.7677 | 0.0446 | 0.2552 | COMPLIANT_CONVERGENCE_STEP | COMMIT_DERIVATIVE_WEIGHT_ADJUSTMENT | 200
NET-01372 | -2.2096 | 0.0646 | 0.2208 | COMPLIANT_CONVERGENCE_STEP | COMMIT_DERIVATIVE_WEIGHT_ADJUSTMENT | 200
NET-01373 | 2.8991 | 0.0028 | 0.0126 | COMPLIANT_CONVERGENCE_STEP | COMMIT_DERIVATIVE_WEIGHT_ADJUSTMENT | 200
NET-01374 | -0.5654 | -0.0952 | 0.1188 | COMPLIANT_CONVERGENCE_STEP | COMMIT_DERIVATIVE_WEIGHT_ADJUSTMENT | 200
NET-01375 | -2.5199 | -0.0456 | 0.1830 | COMPLIANT_CONVERGENCE_STEP | COMMIT_DERIVATIVE_WEIGHT_ADJUSTMENT | 200
NET-01376 | 1.3346 | 0.0876 | 0.2965 | COMPLIANT_CONVERGENCE_STEP | COMMIT_DERIVATIVE_WEIGHT_ADJUSTMENT | 200
NET-01377 | -1.1572 | -0.0685 | 0.1532 | COMPLIANT_CONVERGENCE_STEP | COMMIT_DERIVATIVE_WEIGHT_ADJUSTMENT | 200
NET-01378 | 1.1025 | 0.0780 | 0.1905 | COMPLIANT_CONVERGENCE_STEP | COMMIT_DERIVATIVE_WEIGHT_ADJUSTMENT | 200
NET-01379 | 0.4854 | -0.0088 | 0.0226 | COMPLIANT_CONVERGENCE_STEP | COMMIT_DERIVATIVE_WEIGHT_ADJUSTMENT | 200
NET-01380 | -0.0766 | 0.0326 | 0.0366 | COMPLIANT_CONVERGENCE_STEP | COMMIT_DERIVATIVE_WEIGHT_ADJUSTMENT | 200
NET-01381 | -1.5885 | 0.0309 | 0.0942 | COMPLIANT_CONVERGENCE_STEP | COMMIT_DERIVATIVE_WEIGHT_ADJUSTMENT | 200
NET-01382 | -0.4357 | -0.0753 | 0.0735 | COMPLIANT_CONVERGENCE_STEP | COMMIT_DERIVATIVE_WEIGHT_ADJUSTMENT | 200
NET-01383 | 4.3295 | 0.1167 | 0.7876 | COMPLIANT_CONVERGENCE_STEP | COMMIT_DERIVATIVE_WEIGHT_ADJUSTMENT | 200
NET-01384 | -0.6792 | -0.1919 | 0.4224 | COMPLIANT_CONVERGENCE_STEP | COMMIT_DERIVATIVE_WEIGHT_ADJUSTMENT | 200
NET-01385 | 2.4143 | 0.1638 | 0.7161 | COMPLIANT_CONVERGENCE_STEP | COMMIT_DERIVATIVE_WEIGHT_ADJUSTMENT | 200
NET-01386 | -2.2465 | 0.0756 | 0.2916 | COMPLIANT_CONVERGENCE_STEP | COMMIT_DERIVATIVE_WEIGHT_ADJUSTMENT | 200
NET-01387 | 2.4136 | -0.0854 | 0.3235 | COMPLIANT_CONVERGENCE_STEP | COMMIT_DERIVATIVE_WEIGHT_ADJUSTMENT | 200
NET-01388 | -2.3811 | -0.0413 | 0.1551 | COMPLIANT_CONVERGENCE_STEP | COMMIT_DERIVATIVE_WEIGHT_ADJUSTMENT | 200
NET-01389 | 4.2309 | -0.0532 | 0.3537 | COMPLIANT_CONVERGENCE_STEP | COMMIT_DERIVATIVE_WEIGHT_ADJUSTMENT | 200
NET-01390 | -0.8093 | 0.0076 | 0.0114 | COMPLIANT_CONVERGENCE_STEP | COMMIT_DERIVATIVE_WEIGHT_ADJUSTMENT | 200
NET-01391 | -0.9998 | -0.0235 | 0.0553 | COMPLIANT_CONVERGENCE_STEP | COMMIT_DERIVATIVE_WEIGHT_ADJUSTMENT | 200
NET-01392 | -3.8070 | 0.0484 | 0.2878 | COMPLIANT_CONVERGENCE_STEP | COMMIT_DERIVATIVE_WEIGHT_ADJUSTMENT | 200
NET-01393 | -3.2191 | -0.1350 | 0.6886 | COMPLIANT_CONVERGENCE_STEP | COMMIT_DERIVATIVE_WEIGHT_ADJUSTMENT | 200
NET-01394 | 0.6715 | -0.0902 | 0.1272 | COMPLIANT_CONVERGENCE_STEP | COMMIT_DERIVATIVE_WEIGHT_ADJUSTMENT | 200
NET-01395 | -2.2378 | -0.0641 | 0.2514 | COMPLIANT_CONVERGENCE_STEP | COMMIT_DERIVATIVE_WEIGHT_ADJUSTMENT | 200
NET-01396 | 0.3781 | 0.0891 | 0.2922 | COMPLIANT_CONVERGENCE_STEP | COMMIT_DERIVATIVE_WEIGHT_ADJUSTMENT | 200
NET-01397 | -1.4364 | 0.0275 | 0.0765 | COMPLIANT_CONVERGENCE_STEP | COMMIT_DERIVATIVE_WEIGHT_ADJUSTMENT | 200
NET-01398 | -2.5732 | 0.0681 | 0.2841 | COMPLIANT_CONVERGENCE_STEP | COMMIT_DERIVATIVE_WEIGHT_ADJUSTMENT | 200
NET-01399 | 1.4985 | 0.0930 | 0.2392 | COMPLIANT_CONVERGENCE_STEP | COMMIT_DERIVATIVE_WEIGHT_ADJUSTMENT | 200
NET-01400 | 0.9789 | -0.0523 | 0.0982 | COMPLIANT_CONVERGENCE_STEP | COMMIT_DERIVATIVE_WEIGHT_ADJUSTMENT | 200
NET-01401 | -0.5887 | 0.0780 | 0.2424 | COMPLIANT_CONVERGENCE_STEP | COMMIT_DERIVATIVE_WEIGHT_ADJUSTMENT | 200
NET-01402 | -0.6842 | -0.0517 | 0.1594 | COMPLIANT_CONVERGENCE_STEP | COMMIT_DERIVATIVE_WEIGHT_ADJUSTMENT | 200
NET-01403 | -4.3291 | 0.1544 | 1.0560 | COMPLIANT_CONVERGENCE_STEP | COMMIT_DERIVATIVE_WEIGHT_ADJUSTMENT | 200
NET-01404 | 1.9534 | -0.1917 | 0.5776 | COMPLIANT_CONVERGENCE_STEP | COMMIT_DERIVATIVE_WEIGHT_ADJUSTMENT | 200
NET-01405 | 0.1806 | 0.0815 | 0.1333 | COMPLIANT_CONVERGENCE_STEP | COMMIT_DERIVATIVE_WEIGHT_ADJUSTMENT | 200
NET-01406 | -1.1484 | -0.0368 | 0.0895 | COMPLIANT_CONVERGENCE_STEP | COMMIT_DERIVATIVE_WEIGHT_ADJUSTMENT | 200
NET-01407 | 0.8991 | -0.0994 | 0.3183 | COMPLIANT_CONVERGENCE_STEP | COMMIT_DERIVATIVE_WEIGHT_ADJUSTMENT | 200
NET-01408 | 0.2332 | 0.0487 | 0.1518 | COMPLIANT_CONVERGENCE_STEP | COMMIT_DERIVATIVE_WEIGHT_ADJUSTMENT | 200
NET-01409 | 1.3444 | -0.0802 | 0.1947 | COMPLIANT_CONVERGENCE_STEP | COMMIT_DERIVATIVE_WEIGHT_ADJUSTMENT | 200
NET-01410 | 3.6972 | 0.1396 | 0.8200 | COMPLIANT_CONVERGENCE_STEP | COMMIT_DERIVATIVE_WEIGHT_ADJUSTMENT | 200
NET-01411 | -1.4772 | -0.1416 | 0.3818 | COMPLIANT_CONVERGENCE_STEP | COMMIT_DERIVATIVE_WEIGHT_ADJUSTMENT | 200
NET-01412 | -1.1169 | 0.0264 | 0.0926 | COMPLIANT_CONVERGENCE_STEP | COMMIT_DERIVATIVE_WEIGHT_ADJUSTMENT | 200
NET-01413 | 0.1559 | 0.0688 | 0.1907 | COMPLIANT_CONVERGENCE_STEP | COMMIT_DERIVATIVE_WEIGHT_ADJUSTMENT | 200
NET-01414 | -2.1933 | 0.0475 | 0.1919 | COMPLIANT_CONVERGENCE_STEP | COMMIT_DERIVATIVE_WEIGHT_ADJUSTMENT | 200
NET-01415 | -0.7312 | -0.0911 | 0.1804 | COMPLIANT_CONVERGENCE_STEP | COMMIT_DERIVATIVE_WEIGHT_ADJUSTMENT | 200
NET-01416 | 2.3832 | 0.0338 | 0.1386 | COMPLIANT_CONVERGENCE_STEP | COMMIT_DERIVATIVE_WEIGHT_ADJUSTMENT | 200
NET-01417 | -2.1541 | 0.0857 | 0.3571 | COMPLIANT_CONVERGENCE_STEP | COMMIT_DERIVATIVE_WEIGHT_ADJUSTMENT | 200
NET-01418 | -2.7712 | 0.0122 | 0.0516 | COMPLIANT_CONVERGENCE_STEP | COMMIT_DERIVATIVE_WEIGHT_ADJUSTMENT | 200
NET-01419 | 0.5654 | 0.1124 | 0.2031 | COMPLIANT_CONVERGENCE_STEP | COMMIT_DERIVATIVE_WEIGHT_ADJUSTMENT | 200
NET-01420 | 4.0998 | -0.2395 | 1.5574 | COMPLIANT_CONVERGENCE_STEP | COMMIT_DERIVATIVE_WEIGHT_ADJUSTMENT | 200
NET-01421 | -1.9601 | 0.0455 | 0.1440 | COMPLIANT_CONVERGENCE_STEP | COMMIT_DERIVATIVE_WEIGHT_ADJUSTMENT | 200
NET-01422 | -0.3565 | -0.0871 | 0.0777 | COMPLIANT_CONVERGENCE_STEP | COMMIT_DERIVATIVE_WEIGHT_ADJUSTMENT | 200
NET-01423 | -3.6129 | -0.0439 | 0.2420 | COMPLIANT_CONVERGENCE_STEP | COMMIT_DERIVATIVE_WEIGHT_ADJUSTMENT | 200
NET-01424 | -0.6319 | 0.1011 | 0.3363 | COMPLIANT_CONVERGENCE_STEP | COMMIT_DERIVATIVE_WEIGHT_ADJUSTMENT | 200
NET-01425 | 1.8497 | 0.0093 | 0.0414 | COMPLIANT_CONVERGENCE_STEP | COMMIT_DERIVATIVE_WEIGHT_ADJUSTMENT | 200
NET-01426 | 2.4242 | -0.0624 | 0.2701 | COMPLIANT_CONVERGENCE_STEP | COMMIT_DERIVATIVE_WEIGHT_ADJUSTMENT | 200
NET-01427 | -3.1900 | 0.0020 | 0.0101 | COMPLIANT_CONVERGENCE_STEP | COMMIT_DERIVATIVE_WEIGHT_ADJUSTMENT | 200
NET-01428 | 2.3387 | -0.0927 | 0.3895 | COMPLIANT_CONVERGENCE_STEP | COMMIT_DERIVATIVE_WEIGHT_ADJUSTMENT | 200
NET-01429 | -0.3251 | -0.0958 | 0.2066 | COMPLIANT_CONVERGENCE_STEP | COMMIT_DERIVATIVE_WEIGHT_ADJUSTMENT | 200
NET-01430 | 1.9654 | -0.0558 | 0.1927 | COMPLIANT_CONVERGENCE_STEP | COMMIT_DERIVATIVE_WEIGHT_ADJUSTMENT | 200
NET-01431 | -0.5307 | 0.0459 | 0.0405 | COMPLIANT_CONVERGENCE_STEP | COMMIT_DERIVATIVE_WEIGHT_ADJUSTMENT | 200
NET-01432 | -1.4669 | 0.1177 | 0.4211 | COMPLIANT_CONVERGENCE_STEP | COMMIT_DERIVATIVE_WEIGHT_ADJUSTMENT | 200
NET-01433 | -0.8932 | 0.0566 | 0.1119 | COMPLIANT_CONVERGENCE_STEP | COMMIT_DERIVATIVE_WEIGHT_ADJUSTMENT | 200
NET-01434 | 1.2106 | 0.0051 | 0.0095 | COMPLIANT_CONVERGENCE_STEP | COMMIT_DERIVATIVE_WEIGHT_ADJUSTMENT | 200
NET-01435 | -2.8528 | -0.0817 | 0.3548 | COMPLIANT_CONVERGENCE_STEP | COMMIT_DERIVATIVE_WEIGHT_ADJUSTMENT | 200
NET-01436 | -2.4781 | 0.2047 | 0.8938 | COMPLIANT_CONVERGENCE_STEP | COMMIT_DERIVATIVE_WEIGHT_ADJUSTMENT | 200
NET-01437 | -0.3019 | -0.0162 | 0.0303 | COMPLIANT_CONVERGENCE_STEP | COMMIT_DERIVATIVE_WEIGHT_ADJUSTMENT | 200
NET-01438 | 0.9394 | 0.0055 | 0.0103 | COMPLIANT_CONVERGENCE_STEP | COMMIT_DERIVATIVE_WEIGHT_ADJUSTMENT | 200
NET-01439 | -3.2012 | -0.0144 | 0.0740 | COMPLIANT_CONVERGENCE_STEP | COMMIT_DERIVATIVE_WEIGHT_ADJUSTMENT | 200
NET-01440 | -0.3206 | -0.1171 | 0.2948 | COMPLIANT_CONVERGENCE_STEP | COMMIT_DERIVATIVE_WEIGHT_ADJUSTMENT | 200
NET-01441 | 3.3943 | 0.0268 | 0.1383 | COMPLIANT_CONVERGENCE_STEP | COMMIT_DERIVATIVE_WEIGHT_ADJUSTMENT | 200
NET-01442 | -2.5708 | -0.1767 | 0.7196 | COMPLIANT_CONVERGENCE_STEP | COMMIT_DERIVATIVE_WEIGHT_ADJUSTMENT | 200
NET-01443 | 1.9917 | 0.0550 | 0.1792 | COMPLIANT_CONVERGENCE_STEP | COMMIT_DERIVATIVE_WEIGHT_ADJUSTMENT | 200
NET-01444 | -1.9100 | -0.0802 | 0.3190 | COMPLIANT_CONVERGENCE_STEP | COMMIT_DERIVATIVE_WEIGHT_ADJUSTMENT | 200
NET-01445 | 0.6898 | -0.1430 | 0.5160 | COMPLIANT_CONVERGENCE_STEP | COMMIT_DERIVATIVE_WEIGHT_ADJUSTMENT | 200
NET-01446 | -2.4161 | -0.1317 | 0.4873 | COMPLIANT_CONVERGENCE_STEP | COMMIT_DERIVATIVE_WEIGHT_ADJUSTMENT | 200
NET-01447 | 0.2067 | 0.1343 | 0.2671 | COMPLIANT_CONVERGENCE_STEP | COMMIT_DERIVATIVE_WEIGHT_ADJUSTMENT | 200
NET-01448 | 1.3757 | 0.0607 | 0.1886 | COMPLIANT_CONVERGENCE_STEP | COMMIT_DERIVATIVE_WEIGHT_ADJUSTMENT | 200
NET-01449 | 2.4125 | 0.0775 | 0.3244 | COMPLIANT_CONVERGENCE_STEP | COMMIT_DERIVATIVE_WEIGHT_ADJUSTMENT | 200
NET-01450 | 2.5516 | -0.0261 | 0.1159 | COMPLIANT_CONVERGENCE_STEP | COMMIT_DERIVATIVE_WEIGHT_ADJUSTMENT | 200
NET-01451 | 0.1290 | -0.0675 | 0.0223 | COMPLIANT_CONVERGENCE_STEP | COMMIT_DERIVATIVE_WEIGHT_ADJUSTMENT | 200
NET-01452 | 0.1513 | 0.0874 | 0.1036 | COMPLIANT_CONVERGENCE_STEP | COMMIT_DERIVATIVE_WEIGHT_ADJUSTMENT | 200
NET-01453 | 1.6648 | 0.0127 | 0.0430 | COMPLIANT_CONVERGENCE_STEP | COMMIT_DERIVATIVE_WEIGHT_ADJUSTMENT | 200
NET-01454 | 0.8396 | 0.2119 | 0.2950 | COMPLIANT_CONVERGENCE_STEP | COMMIT_DERIVATIVE_WEIGHT_ADJUSTMENT | 200
NET-01455 | -4.1869 | -0.1000 | 0.6549 | COMPLIANT_CONVERGENCE_STEP | COMMIT_DERIVATIVE_WEIGHT_ADJUSTMENT | 200
NET-01456 | 3.6763 | 0.0774 | 0.4358 | COMPLIANT_CONVERGENCE_STEP | COMMIT_DERIVATIVE_WEIGHT_ADJUSTMENT | 200
NET-01457 | 1.1375 | -0.0041 | 0.0075 | COMPLIANT_CONVERGENCE_STEP | COMMIT_DERIVATIVE_WEIGHT_ADJUSTMENT | 200
NET-01458 | 0.4508 | 0.0336 | 0.0558 | COMPLIANT_CONVERGENCE_STEP | COMMIT_DERIVATIVE_WEIGHT_ADJUSTMENT | 200
NET-01459 | -2.2921 | -0.0699 | 0.2482 | COMPLIANT_CONVERGENCE_STEP | COMMIT_DERIVATIVE_WEIGHT_ADJUSTMENT | 200
NET-01460 | 0.4788 | 0.2849 | 0.4190 | COMPLIANT_CONVERGENCE_STEP | COMMIT_DERIVATIVE_WEIGHT_ADJUSTMENT | 200
NET-01461 | 0.0882 | 0.0076 | 0.0100 | COMPLIANT_CONVERGENCE_STEP | COMMIT_DERIVATIVE_WEIGHT_ADJUSTMENT | 200
NET-01462 | 2.0074 | 0.0104 | 0.0361 | COMPLIANT_CONVERGENCE_STEP | COMMIT_DERIVATIVE_WEIGHT_ADJUSTMENT | 200
NET-01463 | -2.7391 | 0.1017 | 0.4333 | COMPLIANT_CONVERGENCE_STEP | COMMIT_DERIVATIVE_WEIGHT_ADJUSTMENT | 200
NET-01464 | 0.6236 | -0.1783 | 0.2546 | COMPLIANT_CONVERGENCE_STEP | COMMIT_DERIVATIVE_WEIGHT_ADJUSTMENT | 200
NET-01465 | 4.0205 | 0.0867 | 0.5332 | COMPLIANT_CONVERGENCE_STEP | COMMIT_DERIVATIVE_WEIGHT_ADJUSTMENT | 200
NET-01466 | -3.3179 | -0.0279 | 0.1426 | COMPLIANT_CONVERGENCE_STEP | COMMIT_DERIVATIVE_WEIGHT_ADJUSTMENT | 200
NET-01467 | 2.9790 | -0.0631 | 0.3002 | COMPLIANT_CONVERGENCE_STEP | COMMIT_DERIVATIVE_WEIGHT_ADJUSTMENT | 200
NET-01468 | -1.0687 | -0.0994 | 0.1793 | COMPLIANT_CONVERGENCE_STEP | COMMIT_DERIVATIVE_WEIGHT_ADJUSTMENT | 200
NET-01469 | 1.1398 | 0.0616 | 0.2103 | COMPLIANT_CONVERGENCE_STEP | COMMIT_DERIVATIVE_WEIGHT_ADJUSTMENT | 200
NET-01470 | 2.7368 | 0.0589 | 0.2559 | COMPLIANT_CONVERGENCE_STEP | COMMIT_DERIVATIVE_WEIGHT_ADJUSTMENT | 200
NET-01471 | 1.9257 | -0.1248 | 0.4932 | COMPLIANT_CONVERGENCE_STEP | COMMIT_DERIVATIVE_WEIGHT_ADJUSTMENT | 200
NET-01472 | 0.5229 | -0.0572 | 0.1289 | COMPLIANT_CONVERGENCE_STEP | COMMIT_DERIVATIVE_WEIGHT_ADJUSTMENT | 200
NET-01473 | 1.9066 | 0.1411 | 0.4913 | COMPLIANT_CONVERGENCE_STEP | COMMIT_DERIVATIVE_WEIGHT_ADJUSTMENT | 200
NET-01474 | -1.1796 | 0.0883 | 0.1798 | COMPLIANT_CONVERGENCE_STEP | COMMIT_DERIVATIVE_WEIGHT_ADJUSTMENT | 200
NET-01475 | -2.0671 | 0.0142 | 0.0500 | COMPLIANT_CONVERGENCE_STEP | COMMIT_DERIVATIVE_WEIGHT_ADJUSTMENT | 200
NET-01476 | 0.0211 | -0.0993 | 0.1734 | COMPLIANT_CONVERGENCE_STEP | COMMIT_DERIVATIVE_WEIGHT_ADJUSTMENT | 200
NET-01477 | 0.3539 | 0.0496 | 0.1514 | COMPLIANT_CONVERGENCE_STEP | COMMIT_DERIVATIVE_WEIGHT_ADJUSTMENT | 200
NET-01478 | 1.4378 | 0.2705 | 0.6660 | COMPLIANT_CONVERGENCE_STEP | COMMIT_DERIVATIVE_WEIGHT_ADJUSTMENT | 200
NET-01479 | 1.7808 | -0.0952 | 0.2761 | COMPLIANT_CONVERGENCE_STEP | COMMIT_DERIVATIVE_WEIGHT_ADJUSTMENT | 200
NET-01480 | -0.0795 | 0.1151 | 0.0722 | COMPLIANT_CONVERGENCE_STEP | COMMIT_DERIVATIVE_WEIGHT_ADJUSTMENT | 200
NET-01481 | 2.9780 | 0.1645 | 0.7748 | COMPLIANT_CONVERGENCE_STEP | COMMIT_DERIVATIVE_WEIGHT_ADJUSTMENT | 200
NET-01482 | -2.4771 | 0.3172 | 1.2373 | COMPLIANT_CONVERGENCE_STEP | COMMIT_DERIVATIVE_WEIGHT_ADJUSTMENT | 200
NET-01483 | 0.9621 | -0.0998 | 0.1892 | COMPLIANT_CONVERGENCE_STEP | COMMIT_DERIVATIVE_WEIGHT_ADJUSTMENT | 200
NET-01484 | -4.3074 | -0.0066 | 0.0441 | COMPLIANT_CONVERGENCE_STEP | COMMIT_DERIVATIVE_WEIGHT_ADJUSTMENT | 200
NET-01485 | -1.3208 | 0.0205 | 0.0414 | COMPLIANT_CONVERGENCE_STEP | COMMIT_DERIVATIVE_WEIGHT_ADJUSTMENT | 200
NET-01486 | -1.0982 | -0.1388 | 0.2340 | COMPLIANT_CONVERGENCE_STEP | COMMIT_DERIVATIVE_WEIGHT_ADJUSTMENT | 200
NET-01487 | -0.1753 | -0.0803 | 0.0808 | COMPLIANT_CONVERGENCE_STEP | COMMIT_DERIVATIVE_WEIGHT_ADJUSTMENT | 200
NET-01488 | 2.5590 | -0.2091 | 0.9341 | COMPLIANT_CONVERGENCE_STEP | COMMIT_DERIVATIVE_WEIGHT_ADJUSTMENT | 200
NET-01489 | 0.8584 | 0.1679 | 0.5178 | COMPLIANT_CONVERGENCE_STEP | COMMIT_DERIVATIVE_WEIGHT_ADJUSTMENT | 200
NET-01490 | -0.0706 | -0.0046 | 0.0023 | COMPLIANT_CONVERGENCE_STEP | COMMIT_DERIVATIVE_WEIGHT_ADJUSTMENT | 200
NET-01491 | -0.2884 | 0.1186 | 0.3096 | COMPLIANT_CONVERGENCE_STEP | COMMIT_DERIVATIVE_WEIGHT_ADJUSTMENT | 200
NET-01492 | -1.0968 | 0.0285 | 0.0485 | COMPLIANT_CONVERGENCE_STEP | COMMIT_DERIVATIVE_WEIGHT_ADJUSTMENT | 200
NET-01493 | -2.8295 | 0.0508 | 0.2331 | COMPLIANT_CONVERGENCE_STEP | COMMIT_DERIVATIVE_WEIGHT_ADJUSTMENT | 200
NET-01494 | -3.7812 | -0.0578 | 0.3390 | COMPLIANT_CONVERGENCE_STEP | COMMIT_DERIVATIVE_WEIGHT_ADJUSTMENT | 200
NET-01495 | 0.1021 | -0.0142 | 0.0146 | COMPLIANT_CONVERGENCE_STEP | COMMIT_DERIVATIVE_WEIGHT_ADJUSTMENT | 200
NET-01496 | 1.9119 | -0.0838 | 0.2668 | COMPLIANT_CONVERGENCE_STEP | COMMIT_DERIVATIVE_WEIGHT_ADJUSTMENT | 200
NET-01497 | -0.4006 | -0.0263 | 0.0571 | COMPLIANT_CONVERGENCE_STEP | COMMIT_DERIVATIVE_WEIGHT_ADJUSTMENT | 200
NET-01498 | -1.4123 | -0.1733 | 0.5251 | COMPLIANT_CONVERGENCE_STEP | COMMIT_DERIVATIVE_WEIGHT_ADJUSTMENT | 200
NET-01499 | 0.2621 | 0.0443 | 0.0813 | COMPLIANT_CONVERGENCE_STEP | COMMIT_DERIVATIVE_WEIGHT_ADJUSTMENT | 200
NET-01500 | 1.3885 | 0.0623 | 0.2037 | COMPLIANT_CONVERGENCE_STEP | COMMIT_DERIVATIVE_WEIGHT_ADJUSTMENT | 200
NET-01501 | 0.7963 | -0.0260 | 0.0442 | COMPLIANT_CONVERGENCE_STEP | COMMIT_DERIVATIVE_WEIGHT_ADJUSTMENT | 200
NET-01502 | -1.0470 | 0.1266 | 0.2939 | COMPLIANT_CONVERGENCE_STEP | COMMIT_DERIVATIVE_WEIGHT_ADJUSTMENT | 200
NET-01503 | -4.3859 | -0.0968 | 0.6696 | COMPLIANT_CONVERGENCE_STEP | COMMIT_DERIVATIVE_WEIGHT_ADJUSTMENT | 200
NET-01504 | 0.5710 | 0.0479 | 0.1404 | COMPLIANT_CONVERGENCE_STEP | COMMIT_DERIVATIVE_WEIGHT_ADJUSTMENT | 200
NET-01505 | -1.9192 | 0.1278 | 0.4568 | COMPLIANT_CONVERGENCE_STEP | COMMIT_DERIVATIVE_WEIGHT_ADJUSTMENT | 200
NET-01506 | -0.9826 | 0.0640 | 0.1007 | COMPLIANT_CONVERGENCE_STEP | COMMIT_DERIVATIVE_WEIGHT_ADJUSTMENT | 200
NET-01507 | -0.9709 | -0.0089 | 0.0277 | COMPLIANT_CONVERGENCE_STEP | COMMIT_DERIVATIVE_WEIGHT_ADJUSTMENT | 200
NET-01508 | 0.3100 | 0.0122 | 0.0059 | COMPLIANT_CONVERGENCE_STEP | COMMIT_DERIVATIVE_WEIGHT_ADJUSTMENT | 200
NET-01509 | -0.4168 | 0.1115 | 0.2335 | COMPLIANT_CONVERGENCE_STEP | COMMIT_DERIVATIVE_WEIGHT_ADJUSTMENT | 200
NET-01510 | 2.9602 | -0.1960 | 0.9609 | COMPLIANT_CONVERGENCE_STEP | COMMIT_DERIVATIVE_WEIGHT_ADJUSTMENT | 200
NET-01511 | 2.4046 | 0.0852 | 0.3128 | COMPLIANT_CONVERGENCE_STEP | COMMIT_DERIVATIVE_WEIGHT_ADJUSTMENT | 200
NET-01512 | 2.7006 | 0.0027 | 0.0124 | COMPLIANT_CONVERGENCE_STEP | COMMIT_DERIVATIVE_WEIGHT_ADJUSTMENT | 200
NET-01513 | 1.1619 | -0.1154 | 0.4864 | COMPLIANT_CONVERGENCE_STEP | COMMIT_DERIVATIVE_WEIGHT_ADJUSTMENT | 200
NET-01514 | -3.8728 | 0.1952 | 1.1639 | COMPLIANT_CONVERGENCE_STEP | COMMIT_DERIVATIVE_WEIGHT_ADJUSTMENT | 200
NET-01515 | -2.9694 | -0.0639 | 0.2995 | COMPLIANT_CONVERGENCE_STEP | COMMIT_DERIVATIVE_WEIGHT_ADJUSTMENT | 200
NET-01516 | -4.3687 | 0.0930 | 0.6288 | COMPLIANT_CONVERGENCE_STEP | COMMIT_DERIVATIVE_WEIGHT_ADJUSTMENT | 200
NET-01517 | 2.2191 | -0.0757 | 0.2999 | COMPLIANT_CONVERGENCE_STEP | COMMIT_DERIVATIVE_WEIGHT_ADJUSTMENT | 200
NET-01518 | 2.7573 | 0.0993 | 0.4224 | COMPLIANT_CONVERGENCE_STEP | COMMIT_DERIVATIVE_WEIGHT_ADJUSTMENT | 200
NET-01519 | -0.2182 | -0.1210 | 0.3167 | COMPLIANT_CONVERGENCE_STEP | COMMIT_DERIVATIVE_WEIGHT_ADJUSTMENT | 200
NET-01520 | 3.4767 | -0.1216 | 0.6481 | COMPLIANT_CONVERGENCE_STEP | COMMIT_DERIVATIVE_WEIGHT_ADJUSTMENT | 200
NET-01521 | -1.8313 | -0.1450 | 0.5811 | COMPLIANT_CONVERGENCE_STEP | COMMIT_DERIVATIVE_WEIGHT_ADJUSTMENT | 200
NET-01522 | 2.7119 | -0.0187 | 0.0810 | COMPLIANT_CONVERGENCE_STEP | COMMIT_DERIVATIVE_WEIGHT_ADJUSTMENT | 200
NET-01523 | -0.1617 | 0.0111 | 0.0164 | COMPLIANT_CONVERGENCE_STEP | COMMIT_DERIVATIVE_WEIGHT_ADJUSTMENT | 200
NET-01524 | -1.1469 | 0.0253 | 0.0931 | COMPLIANT_CONVERGENCE_STEP | COMMIT_DERIVATIVE_WEIGHT_ADJUSTMENT | 200
NET-01525 | 1.0016 | -0.1248 | 0.3076 | COMPLIANT_CONVERGENCE_STEP | COMMIT_DERIVATIVE_WEIGHT_ADJUSTMENT | 200
NET-01526 | -0.3537 | 0.0469 | 0.1113 | COMPLIANT_CONVERGENCE_STEP | COMMIT_DERIVATIVE_WEIGHT_ADJUSTMENT | 200
NET-01527 | -2.8173 | 0.0911 | 0.4390 | COMPLIANT_CONVERGENCE_STEP | COMMIT_DERIVATIVE_WEIGHT_ADJUSTMENT | 200
NET-01528 | -2.0136 | -0.0942 | 0.3023 | COMPLIANT_CONVERGENCE_STEP | COMMIT_DERIVATIVE_WEIGHT_ADJUSTMENT | 200
NET-01529 | 0.2853 | 0.0436 | 0.1326 | COMPLIANT_CONVERGENCE_STEP | COMMIT_DERIVATIVE_WEIGHT_ADJUSTMENT | 200
NET-01530 | 0.4348 | 0.1020 | 0.0718 | COMPLIANT_CONVERGENCE_STEP | COMMIT_DERIVATIVE_WEIGHT_ADJUSTMENT | 200
NET-01531 | -0.4418 | 0.1255 | 0.2230 | COMPLIANT_CONVERGENCE_STEP | COMMIT_DERIVATIVE_WEIGHT_ADJUSTMENT | 200
NET-01532 | -0.2761 | 0.0648 | 0.1149 | COMPLIANT_CONVERGENCE_STEP | COMMIT_DERIVATIVE_WEIGHT_ADJUSTMENT | 200
NET-01533 | 1.8732 | 0.0285 | 0.0819 | COMPLIANT_CONVERGENCE_STEP | COMMIT_DERIVATIVE_WEIGHT_ADJUSTMENT | 200
NET-01534 | -0.7481 | -0.0501 | 0.1046 | COMPLIANT_CONVERGENCE_STEP | COMMIT_DERIVATIVE_WEIGHT_ADJUSTMENT | 200
NET-01535 | 0.3620 | -0.0704 | 0.1199 | COMPLIANT_CONVERGENCE_STEP | COMMIT_DERIVATIVE_WEIGHT_ADJUSTMENT | 200
NET-01536 | -1.1223 | -0.0913 | 0.3188 | COMPLIANT_CONVERGENCE_STEP | COMMIT_DERIVATIVE_WEIGHT_ADJUSTMENT | 200
NET-01537 | -1.1556 | -0.0028 | 0.0080 | COMPLIANT_CONVERGENCE_STEP | COMMIT_DERIVATIVE_WEIGHT_ADJUSTMENT | 200
NET-01538 | 1.5659 | 0.0360 | 0.0863 | COMPLIANT_CONVERGENCE_STEP | COMMIT_DERIVATIVE_WEIGHT_ADJUSTMENT | 200
NET-01539 | -2.4944 | -0.0773 | 0.2935 | COMPLIANT_CONVERGENCE_STEP | COMMIT_DERIVATIVE_WEIGHT_ADJUSTMENT | 200
NET-01540 | 1.5945 | -0.0835 | 0.2891 | COMPLIANT_CONVERGENCE_STEP | COMMIT_DERIVATIVE_WEIGHT_ADJUSTMENT | 200
NET-01541 | 2.2183 | 0.0250 | 0.0886 | COMPLIANT_CONVERGENCE_STEP | COMMIT_DERIVATIVE_WEIGHT_ADJUSTMENT | 200
NET-01542 | -3.3661 | 0.0284 | 0.1471 | COMPLIANT_CONVERGENCE_STEP | COMMIT_DERIVATIVE_WEIGHT_ADJUSTMENT | 200
NET-01543 | 1.5756 | 0.1412 | 0.4308 | COMPLIANT_CONVERGENCE_STEP | COMMIT_DERIVATIVE_WEIGHT_ADJUSTMENT | 200
NET-01544 | -0.9714 | 0.1302 | 0.2865 | COMPLIANT_CONVERGENCE_STEP | COMMIT_DERIVATIVE_WEIGHT_ADJUSTMENT | 200
NET-01545 | 1.5711 | -0.1062 | 0.4461 | COMPLIANT_CONVERGENCE_STEP | COMMIT_DERIVATIVE_WEIGHT_ADJUSTMENT | 200
NET-01546 | 1.0297 | -0.0336 | 0.0857 | COMPLIANT_CONVERGENCE_STEP | COMMIT_DERIVATIVE_WEIGHT_ADJUSTMENT | 200
NET-01547 | 3.2101 | -0.0188 | 0.0967 | COMPLIANT_CONVERGENCE_STEP | COMMIT_DERIVATIVE_WEIGHT_ADJUSTMENT | 200
NET-01548 | 0.3535 | 0.0156 | 0.0084 | COMPLIANT_CONVERGENCE_STEP | COMMIT_DERIVATIVE_WEIGHT_ADJUSTMENT | 200
NET-01549 | -2.1473 | -0.1807 | 0.7535 | COMPLIANT_CONVERGENCE_STEP | COMMIT_DERIVATIVE_WEIGHT_ADJUSTMENT | 200
NET-01550 | 0.5940 | 0.0464 | 0.0562 | COMPLIANT_CONVERGENCE_STEP | COMMIT_DERIVATIVE_WEIGHT_ADJUSTMENT | 200
NET-01551 | 1.7196 | -0.1121 | 0.4593 | COMPLIANT_CONVERGENCE_STEP | COMMIT_DERIVATIVE_WEIGHT_ADJUSTMENT | 200
NET-01552 | 1.8042 | 0.0373 | 0.1239 | COMPLIANT_CONVERGENCE_STEP | COMMIT_DERIVATIVE_WEIGHT_ADJUSTMENT | 200
NET-01553 | 1.6687 | 0.0726 | 0.2158 | COMPLIANT_CONVERGENCE_STEP | COMMIT_DERIVATIVE_WEIGHT_ADJUSTMENT | 200
NET-01554 | 2.2998 | -0.0471 | 0.1762 | COMPLIANT_CONVERGENCE_STEP | COMMIT_DERIVATIVE_WEIGHT_ADJUSTMENT | 200
NET-01555 | -0.4973 | -0.0457 | 0.1178 | COMPLIANT_CONVERGENCE_STEP | COMMIT_DERIVATIVE_WEIGHT_ADJUSTMENT | 200
NET-01556 | -2.1284 | -0.0396 | 0.1291 | COMPLIANT_CONVERGENCE_STEP | COMMIT_DERIVATIVE_WEIGHT_ADJUSTMENT | 200
NET-01557 | 1.4111 | 0.0128 | 0.0304 | COMPLIANT_CONVERGENCE_STEP | COMMIT_DERIVATIVE_WEIGHT_ADJUSTMENT | 200
NET-01558 | -0.4947 | 0.0040 | 0.0033 | COMPLIANT_CONVERGENCE_STEP | COMMIT_DERIVATIVE_WEIGHT_ADJUSTMENT | 200
NET-01559 | 3.4195 | -0.1952 | 1.0545 | COMPLIANT_CONVERGENCE_STEP | COMMIT_DERIVATIVE_WEIGHT_ADJUSTMENT | 200
NET-01560 | 2.5874 | -0.0605 | 0.2456 | COMPLIANT_CONVERGENCE_STEP | COMMIT_DERIVATIVE_WEIGHT_ADJUSTMENT | 200
NET-01561 | -0.2597 | -0.0719 | 0.0997 | COMPLIANT_CONVERGENCE_STEP | COMMIT_DERIVATIVE_WEIGHT_ADJUSTMENT | 200
NET-01562 | -2.6116 | -0.0124 | 0.0516 | COMPLIANT_CONVERGENCE_STEP | COMMIT_DERIVATIVE_WEIGHT_ADJUSTMENT | 200
NET-01563 | 3.2074 | 0.0058 | 0.0302 | COMPLIANT_CONVERGENCE_STEP | COMMIT_DERIVATIVE_WEIGHT_ADJUSTMENT | 200
NET-01564 | -1.0881 | -0.0492 | 0.1008 | COMPLIANT_CONVERGENCE_STEP | COMMIT_DERIVATIVE_WEIGHT_ADJUSTMENT | 200
NET-01565 | 2.1238 | 0.0525 | 0.1737 | COMPLIANT_CONVERGENCE_STEP | COMMIT_DERIVATIVE_WEIGHT_ADJUSTMENT | 200
NET-01566 | -1.1771 | 0.0308 | 0.0651 | COMPLIANT_CONVERGENCE_STEP | COMMIT_DERIVATIVE_WEIGHT_ADJUSTMENT | 200
NET-01567 | 0.7803 | 0.0208 | 0.0321 | COMPLIANT_CONVERGENCE_STEP | COMMIT_DERIVATIVE_WEIGHT_ADJUSTMENT | 200
NET-01568 | -2.9571 | 0.3218 | 1.4604 | COMPLIANT_CONVERGENCE_STEP | COMMIT_DERIVATIVE_WEIGHT_ADJUSTMENT | 200
NET-01569 | -0.1493 | -0.0269 | 0.0432 | COMPLIANT_CONVERGENCE_STEP | COMMIT_DERIVATIVE_WEIGHT_ADJUSTMENT | 200
NET-01570 | -1.4805 | 0.0168 | 0.0500 | COMPLIANT_CONVERGENCE_STEP | COMMIT_DERIVATIVE_WEIGHT_ADJUSTMENT | 200
NET-01571 | 1.1523 | -0.1222 | 0.2373 | COMPLIANT_CONVERGENCE_STEP | COMMIT_DERIVATIVE_WEIGHT_ADJUSTMENT | 200
NET-01572 | -2.1585 | -0.0468 | 0.1583 | COMPLIANT_CONVERGENCE_STEP | COMMIT_DERIVATIVE_WEIGHT_ADJUSTMENT | 200
NET-01573 | 0.3165 | 0.1025 | 0.2421 | COMPLIANT_CONVERGENCE_STEP | COMMIT_DERIVATIVE_WEIGHT_ADJUSTMENT | 200
NET-01574 | 0.5766 | -0.0290 | 0.1030 | COMPLIANT_CONVERGENCE_STEP | COMMIT_DERIVATIVE_WEIGHT_ADJUSTMENT | 200
NET-01575 | -3.0052 | 0.0454 | 0.2175 | COMPLIANT_CONVERGENCE_STEP | COMMIT_DERIVATIVE_WEIGHT_ADJUSTMENT | 200
NET-01576 | -2.0551 | -0.0880 | 0.3290 | COMPLIANT_CONVERGENCE_STEP | COMMIT_DERIVATIVE_WEIGHT_ADJUSTMENT | 200
NET-01577 | -1.9031 | -0.0495 | 0.2133 | COMPLIANT_CONVERGENCE_STEP | COMMIT_DERIVATIVE_WEIGHT_ADJUSTMENT | 200
NET-01578 | 0.9077 | -0.0739 | 0.1057 | COMPLIANT_CONVERGENCE_STEP | COMMIT_DERIVATIVE_WEIGHT_ADJUSTMENT | 200
NET-01579 | -0.1433 | 0.0665 | 0.0935 | COMPLIANT_CONVERGENCE_STEP | COMMIT_DERIVATIVE_WEIGHT_ADJUSTMENT | 200
NET-01580 | 0.3123 | 0.0050 | 0.0024 | COMPLIANT_CONVERGENCE_STEP | COMMIT_DERIVATIVE_WEIGHT_ADJUSTMENT | 200
NET-01581 | -1.5730 | 0.1180 | 0.3052 | COMPLIANT_CONVERGENCE_STEP | COMMIT_DERIVATIVE_WEIGHT_ADJUSTMENT | 200
NET-01582 | -1.7828 | -0.1160 | 0.3692 | COMPLIANT_CONVERGENCE_STEP | COMMIT_DERIVATIVE_WEIGHT_ADJUSTMENT | 200
NET-01583 | 1.0479 | -0.0144 | 0.0240 | COMPLIANT_CONVERGENCE_STEP | COMMIT_DERIVATIVE_WEIGHT_ADJUSTMENT | 200
NET-01584 | -1.1977 | -0.0765 | 0.2087 | COMPLIANT_CONVERGENCE_STEP | COMMIT_DERIVATIVE_WEIGHT_ADJUSTMENT | 200
NET-01585 | 3.3158 | 0.0907 | 0.4634 | COMPLIANT_CONVERGENCE_STEP | COMMIT_DERIVATIVE_WEIGHT_ADJUSTMENT | 200
NET-01586 | -1.6489 | -0.0587 | 0.1936 | COMPLIANT_CONVERGENCE_STEP | COMMIT_DERIVATIVE_WEIGHT_ADJUSTMENT | 200
NET-01587 | 1.3463 | -0.1323 | 0.2736 | COMPLIANT_CONVERGENCE_STEP | COMMIT_DERIVATIVE_WEIGHT_ADJUSTMENT | 200
NET-01588 | -1.4345 | 0.0080 | 0.0201 | COMPLIANT_CONVERGENCE_STEP | COMMIT_DERIVATIVE_WEIGHT_ADJUSTMENT | 200
NET-01589 | 0.8168 | 0.0370 | 0.0953 | COMPLIANT_CONVERGENCE_STEP | COMMIT_DERIVATIVE_WEIGHT_ADJUSTMENT | 200
NET-01590 | 2.3529 | 0.1844 | 0.6884 | COMPLIANT_CONVERGENCE_STEP | COMMIT_DERIVATIVE_WEIGHT_ADJUSTMENT | 200
NET-01591 | -0.3052 | 0.0716 | 0.1888 | COMPLIANT_CONVERGENCE_STEP | COMMIT_DERIVATIVE_WEIGHT_ADJUSTMENT | 200
NET-01592 | 4.0607 | 0.0650 | 0.4002 | COMPLIANT_CONVERGENCE_STEP | COMMIT_DERIVATIVE_WEIGHT_ADJUSTMENT | 200
NET-01593 | -2.4705 | -0.1345 | 0.5177 | COMPLIANT_CONVERGENCE_STEP | COMMIT_DERIVATIVE_WEIGHT_ADJUSTMENT | 200
NET-01594 | -2.6340 | 0.0208 | 0.0854 | COMPLIANT_CONVERGENCE_STEP | COMMIT_DERIVATIVE_WEIGHT_ADJUSTMENT | 200
NET-01595 | 1.3901 | 0.0345 | 0.0767 | COMPLIANT_CONVERGENCE_STEP | COMMIT_DERIVATIVE_WEIGHT_ADJUSTMENT | 200
NET-01596 | -0.0006 | 0.0330 | 0.0264 | COMPLIANT_CONVERGENCE_STEP | COMMIT_DERIVATIVE_WEIGHT_ADJUSTMENT | 200
NET-01597 | -0.4760 | 0.0680 | 0.1425 | COMPLIANT_CONVERGENCE_STEP | COMMIT_DERIVATIVE_WEIGHT_ADJUSTMENT | 200
NET-01598 | -2.7023 | -0.0398 | 0.1698 | COMPLIANT_CONVERGENCE_STEP | COMMIT_DERIVATIVE_WEIGHT_ADJUSTMENT | 200
NET-01599 | -2.0715 | 0.1552 | 0.5889 | COMPLIANT_CONVERGENCE_STEP | COMMIT_DERIVATIVE_WEIGHT_ADJUSTMENT | 200
NET-01600 | 1.8493 | -0.1266 | 0.4560 | COMPLIANT_CONVERGENCE_STEP | COMMIT_DERIVATIVE_WEIGHT_ADJUSTMENT | 200
NET-01601 | -0.7000 | 0.0673 | 0.1931 | COMPLIANT_CONVERGENCE_STEP | COMMIT_DERIVATIVE_WEIGHT_ADJUSTMENT | 200
NET-01602 | -1.3023 | -0.0879 | 0.1746 | COMPLIANT_CONVERGENCE_STEP | COMMIT_DERIVATIVE_WEIGHT_ADJUSTMENT | 200
NET-01603 | -0.6371 | 0.1228 | 0.3127 | COMPLIANT_CONVERGENCE_STEP | COMMIT_DERIVATIVE_WEIGHT_ADJUSTMENT | 200
NET-01604 | -0.1685 | -0.0737 | 0.1050 | COMPLIANT_CONVERGENCE_STEP | COMMIT_DERIVATIVE_WEIGHT_ADJUSTMENT | 200
NET-01605 | -1.7065 | -0.0904 | 0.3516 | COMPLIANT_CONVERGENCE_STEP | COMMIT_DERIVATIVE_WEIGHT_ADJUSTMENT | 200
NET-01606 | 1.1568 | -0.0109 | 0.0275 | COMPLIANT_CONVERGENCE_STEP | COMMIT_DERIVATIVE_WEIGHT_ADJUSTMENT | 200
NET-01607 | -3.6649 | 0.0712 | 0.3999 | COMPLIANT_CONVERGENCE_STEP | COMMIT_DERIVATIVE_WEIGHT_ADJUSTMENT | 200
NET-01608 | 2.5307 | 0.0179 | 0.0689 | COMPLIANT_CONVERGENCE_STEP | COMMIT_DERIVATIVE_WEIGHT_ADJUSTMENT | 200
NET-01609 | -3.0082 | 0.0746 | 0.3655 | COMPLIANT_CONVERGENCE_STEP | COMMIT_DERIVATIVE_WEIGHT_ADJUSTMENT | 200
NET-01610 | -1.2969 | -0.0080 | 0.0268 | COMPLIANT_CONVERGENCE_STEP | COMMIT_DERIVATIVE_WEIGHT_ADJUSTMENT | 200
NET-01611 | 2.0758 | -0.0796 | 0.2850 | COMPLIANT_CONVERGENCE_STEP | COMMIT_DERIVATIVE_WEIGHT_ADJUSTMENT | 200
NET-01612 | 2.0938 | -0.0336 | 0.1209 | COMPLIANT_CONVERGENCE_STEP | COMMIT_DERIVATIVE_WEIGHT_ADJUSTMENT | 200
NET-01613 | 0.6147 | 0.0140 | 0.0159 | COMPLIANT_CONVERGENCE_STEP | COMMIT_DERIVATIVE_WEIGHT_ADJUSTMENT | 200
NET-01614 | -2.0481 | 0.0562 | 0.1881 | COMPLIANT_CONVERGENCE_STEP | COMMIT_DERIVATIVE_WEIGHT_ADJUSTMENT | 200
NET-01615 | -0.5853 | -0.0722 | 0.1095 | COMPLIANT_CONVERGENCE_STEP | COMMIT_DERIVATIVE_WEIGHT_ADJUSTMENT | 200
NET-01616 | 2.3958 | 0.0554 | 0.2291 | COMPLIANT_CONVERGENCE_STEP | COMMIT_DERIVATIVE_WEIGHT_ADJUSTMENT | 200
NET-01617 | 2.8267 | 0.2756 | 1.3037 | COMPLIANT_CONVERGENCE_STEP | COMMIT_DERIVATIVE_WEIGHT_ADJUSTMENT | 200
NET-01618 | -0.1482 | -0.0931 | 0.1847 | COMPLIANT_CONVERGENCE_STEP | COMMIT_DERIVATIVE_WEIGHT_ADJUSTMENT | 200
NET-01619 | -0.6164 | -0.0138 | 0.0272 | COMPLIANT_CONVERGENCE_STEP | COMMIT_DERIVATIVE_WEIGHT_ADJUSTMENT | 200
NET-01620 | 2.4335 | -0.1102 | 0.4320 | COMPLIANT_CONVERGENCE_STEP | COMMIT_DERIVATIVE_WEIGHT_ADJUSTMENT | 200
NET-01621 | -0.7784 | 0.0927 | 0.1383 | COMPLIANT_CONVERGENCE_STEP | COMMIT_DERIVATIVE_WEIGHT_ADJUSTMENT | 200
NET-01622 | -1.7734 | 0.2890 | 1.1522 | COMPLIANT_CONVERGENCE_STEP | COMMIT_DERIVATIVE_WEIGHT_ADJUSTMENT | 200
NET-01623 | 1.2987 | -0.0047 | 0.0117 | COMPLIANT_CONVERGENCE_STEP | COMMIT_DERIVATIVE_WEIGHT_ADJUSTMENT | 200
NET-01624 | 1.5204 | -0.0575 | 0.2398 | COMPLIANT_CONVERGENCE_STEP | COMMIT_DERIVATIVE_WEIGHT_ADJUSTMENT | 200
NET-01625 | -1.2021 | 0.1140 | 0.3407 | COMPLIANT_CONVERGENCE_STEP | COMMIT_DERIVATIVE_WEIGHT_ADJUSTMENT | 200
NET-01626 | 1.9202 | 0.1204 | 0.3658 | COMPLIANT_CONVERGENCE_STEP | COMMIT_DERIVATIVE_WEIGHT_ADJUSTMENT | 200
NET-01627 | -0.2415 | -0.3206 | 0.9833 | COMPLIANT_CONVERGENCE_STEP | COMMIT_DERIVATIVE_WEIGHT_ADJUSTMENT | 200
NET-01628 | -1.0140 | -0.0123 | 0.0325 | COMPLIANT_CONVERGENCE_STEP | COMMIT_DERIVATIVE_WEIGHT_ADJUSTMENT | 200
NET-01629 | -3.4743 | -0.1912 | 1.0033 | COMPLIANT_CONVERGENCE_STEP | COMMIT_DERIVATIVE_WEIGHT_ADJUSTMENT | 200
NET-01630 | -0.7202 | 0.0500 | 0.0626 | COMPLIANT_CONVERGENCE_STEP | COMMIT_DERIVATIVE_WEIGHT_ADJUSTMENT | 200
NET-01631 | 0.7218 | 0.1947 | 0.4614 | COMPLIANT_CONVERGENCE_STEP | COMMIT_DERIVATIVE_WEIGHT_ADJUSTMENT | 200
NET-01632 | 0.2296 | 0.0478 | 0.0998 | COMPLIANT_CONVERGENCE_STEP | COMMIT_DERIVATIVE_WEIGHT_ADJUSTMENT | 200
NET-01633 | 1.1190 | 0.0227 | 0.0395 | COMPLIANT_CONVERGENCE_STEP | COMMIT_DERIVATIVE_WEIGHT_ADJUSTMENT | 200
NET-01634 | 2.2452 | 0.0364 | 0.1248 | COMPLIANT_CONVERGENCE_STEP | COMMIT_DERIVATIVE_WEIGHT_ADJUSTMENT | 200
NET-01635 | 3.8618 | 0.0103 | 0.0620 | COMPLIANT_CONVERGENCE_STEP | COMMIT_DERIVATIVE_WEIGHT_ADJUSTMENT | 200
NET-01636 | -1.5758 | -0.0544 | 0.1402 | COMPLIANT_CONVERGENCE_STEP | COMMIT_DERIVATIVE_WEIGHT_ADJUSTMENT | 200
NET-01637 | -1.9928 | -0.0273 | 0.1018 | COMPLIANT_CONVERGENCE_STEP | COMMIT_DERIVATIVE_WEIGHT_ADJUSTMENT | 200
NET-01638 | -0.6130 | 0.1271 | 0.4209 | COMPLIANT_CONVERGENCE_STEP | COMMIT_DERIVATIVE_WEIGHT_ADJUSTMENT | 200
NET-01639 | 3.6035 | -0.0673 | 0.3721 | COMPLIANT_CONVERGENCE_STEP | COMMIT_DERIVATIVE_WEIGHT_ADJUSTMENT | 200
NET-01640 | 3.5069 | 0.2040 | 1.0943 | COMPLIANT_CONVERGENCE_STEP | COMMIT_DERIVATIVE_WEIGHT_ADJUSTMENT | 200
NET-01641 | 1.0748 | 0.2021 | 0.4395 | COMPLIANT_CONVERGENCE_STEP | COMMIT_DERIVATIVE_WEIGHT_ADJUSTMENT | 200
NET-01642 | 0.7083 | -0.1109 | 0.3560 | COMPLIANT_CONVERGENCE_STEP | COMMIT_DERIVATIVE_WEIGHT_ADJUSTMENT | 200
NET-01643 | 0.2240 | -0.0546 | 0.0201 | COMPLIANT_CONVERGENCE_STEP | COMMIT_DERIVATIVE_WEIGHT_ADJUSTMENT | 200
NET-01644 | 0.8336 | -0.0100 | 0.0130 | COMPLIANT_CONVERGENCE_STEP | COMMIT_DERIVATIVE_WEIGHT_ADJUSTMENT | 200
NET-01645 | -3.3583 | 0.0804 | 0.4100 | COMPLIANT_CONVERGENCE_STEP | COMMIT_DERIVATIVE_WEIGHT_ADJUSTMENT | 200
NET-01646 | 2.5930 | 0.0266 | 0.1116 | COMPLIANT_CONVERGENCE_STEP | COMMIT_DERIVATIVE_WEIGHT_ADJUSTMENT | 200
NET-01647 | -2.2494 | -0.0302 | 0.1100 | COMPLIANT_CONVERGENCE_STEP | COMMIT_DERIVATIVE_WEIGHT_ADJUSTMENT | 200
NET-01648 | 2.1371 | 0.1163 | 0.3907 | COMPLIANT_CONVERGENCE_STEP | COMMIT_DERIVATIVE_WEIGHT_ADJUSTMENT | 200
NET-01649 | 1.3436 | 0.0355 | 0.0905 | COMPLIANT_CONVERGENCE_STEP | COMMIT_DERIVATIVE_WEIGHT_ADJUSTMENT | 200
NET-01650 | -0.3473 | -0.0664 | 0.1948 | COMPLIANT_CONVERGENCE_STEP | COMMIT_DERIVATIVE_WEIGHT_ADJUSTMENT | 200
NET-01651 | -3.7255 | -0.2229 | 1.2577 | COMPLIANT_CONVERGENCE_STEP | COMMIT_DERIVATIVE_WEIGHT_ADJUSTMENT | 200
NET-01652 | -0.8624 | 0.0339 | 0.0604 | COMPLIANT_CONVERGENCE_STEP | COMMIT_DERIVATIVE_WEIGHT_ADJUSTMENT | 200
NET-01653 | -2.4718 | -0.0780 | 0.3102 | COMPLIANT_CONVERGENCE_STEP | COMMIT_DERIVATIVE_WEIGHT_ADJUSTMENT | 200
NET-01654 | 0.2159 | 0.1927 | 0.3747 | COMPLIANT_CONVERGENCE_STEP | COMMIT_DERIVATIVE_WEIGHT_ADJUSTMENT | 200
NET-01655 | -0.9956 | -0.0899 | 0.3449 | COMPLIANT_CONVERGENCE_STEP | COMMIT_DERIVATIVE_WEIGHT_ADJUSTMENT | 200
NET-01656 | 3.4678 | -0.0193 | 0.1041 | COMPLIANT_CONVERGENCE_STEP | COMMIT_DERIVATIVE_WEIGHT_ADJUSTMENT | 200
NET-01657 | 0.8102 | -0.0540 | 0.0801 | COMPLIANT_CONVERGENCE_STEP | COMMIT_DERIVATIVE_WEIGHT_ADJUSTMENT | 200
NET-01658 | -1.1982 | 0.0273 | 0.0526 | COMPLIANT_CONVERGENCE_STEP | COMMIT_DERIVATIVE_WEIGHT_ADJUSTMENT | 200
NET-01659 | -0.9832 | -0.1288 | 0.1999 | COMPLIANT_CONVERGENCE_STEP | COMMIT_DERIVATIVE_WEIGHT_ADJUSTMENT | 200
NET-01660 | -1.6152 | 0.1029 | 0.3421 | COMPLIANT_CONVERGENCE_STEP | COMMIT_DERIVATIVE_WEIGHT_ADJUSTMENT | 200
NET-01661 | 0.5582 | -0.0766 | 0.0725 | COMPLIANT_CONVERGENCE_STEP | COMMIT_DERIVATIVE_WEIGHT_ADJUSTMENT | 200
NET-01662 | 0.0879 | 0.0259 | 0.0038 | COMPLIANT_CONVERGENCE_STEP | COMMIT_DERIVATIVE_WEIGHT_ADJUSTMENT | 200
NET-01663 | 3.8576 | -0.0821 | 0.5033 | COMPLIANT_CONVERGENCE_STEP | COMMIT_DERIVATIVE_WEIGHT_ADJUSTMENT | 200
NET-01664 | 1.4440 | -0.0077 | 0.0266 | COMPLIANT_CONVERGENCE_STEP | COMMIT_DERIVATIVE_WEIGHT_ADJUSTMENT | 200
NET-01665 | 2.7437 | 0.0390 | 0.1813 | COMPLIANT_CONVERGENCE_STEP | COMMIT_DERIVATIVE_WEIGHT_ADJUSTMENT | 200
NET-01666 | 2.2621 | -0.0428 | 0.1531 | COMPLIANT_CONVERGENCE_STEP | COMMIT_DERIVATIVE_WEIGHT_ADJUSTMENT | 200
NET-01667 | -2.8300 | 0.0105 | 0.0472 | COMPLIANT_CONVERGENCE_STEP | COMMIT_DERIVATIVE_WEIGHT_ADJUSTMENT | 200
NET-01668 | 3.6081 | -0.0854 | 0.4783 | COMPLIANT_CONVERGENCE_STEP | COMMIT_DERIVATIVE_WEIGHT_ADJUSTMENT | 200
NET-01669 | -0.7829 | -0.0097 | 0.0347 | COMPLIANT_CONVERGENCE_STEP | COMMIT_DERIVATIVE_WEIGHT_ADJUSTMENT | 200
NET-01670 | 2.0475 | -0.1001 | 0.3231 | COMPLIANT_CONVERGENCE_STEP | COMMIT_DERIVATIVE_WEIGHT_ADJUSTMENT | 200
NET-01671 | 0.1233 | -0.0929 | 0.1433 | COMPLIANT_CONVERGENCE_STEP | COMMIT_DERIVATIVE_WEIGHT_ADJUSTMENT | 200
NET-01672 | 3.6955 | 0.0914 | 0.5366 | COMPLIANT_CONVERGENCE_STEP | COMMIT_DERIVATIVE_WEIGHT_ADJUSTMENT | 200
NET-01673 | 1.4700 | -0.1065 | 0.3535 | COMPLIANT_CONVERGENCE_STEP | COMMIT_DERIVATIVE_WEIGHT_ADJUSTMENT | 200
NET-01674 | 3.0485 | 0.0887 | 0.4333 | COMPLIANT_CONVERGENCE_STEP | COMMIT_DERIVATIVE_WEIGHT_ADJUSTMENT | 200
NET-01675 | 1.3785 | -0.0739 | 0.1949 | COMPLIANT_CONVERGENCE_STEP | COMMIT_DERIVATIVE_WEIGHT_ADJUSTMENT | 200
NET-01676 | -0.4711 | -0.0618 | 0.1115 | COMPLIANT_CONVERGENCE_STEP | COMMIT_DERIVATIVE_WEIGHT_ADJUSTMENT | 200
NET-01677 | -1.4640 | 0.1968 | 0.7415 | COMPLIANT_CONVERGENCE_STEP | COMMIT_DERIVATIVE_WEIGHT_ADJUSTMENT | 200
NET-01678 | -0.2040 | -0.0160 | 0.0147 | COMPLIANT_CONVERGENCE_STEP | COMMIT_DERIVATIVE_WEIGHT_ADJUSTMENT | 200
NET-01679 | -2.9350 | 0.0353 | 0.1606 | COMPLIANT_CONVERGENCE_STEP | COMMIT_DERIVATIVE_WEIGHT_ADJUSTMENT | 200
NET-01680 | 1.4960 | 0.0569 | 0.1308 | COMPLIANT_CONVERGENCE_STEP | COMMIT_DERIVATIVE_WEIGHT_ADJUSTMENT | 200
NET-01681 | -1.7341 | -0.1434 | 0.4076 | COMPLIANT_CONVERGENCE_STEP | COMMIT_DERIVATIVE_WEIGHT_ADJUSTMENT | 200
NET-01682 | 3.9895 | 0.0027 | 0.0170 | COMPLIANT_CONVERGENCE_STEP | COMMIT_DERIVATIVE_WEIGHT_ADJUSTMENT | 200
NET-01683 | -0.0135 | 0.0941 | 0.1409 | COMPLIANT_CONVERGENCE_STEP | COMMIT_DERIVATIVE_WEIGHT_ADJUSTMENT | 200
NET-01684 | 2.7328 | -0.0514 | 0.2184 | COMPLIANT_CONVERGENCE_STEP | COMMIT_DERIVATIVE_WEIGHT_ADJUSTMENT | 200
NET-01685 | -2.7785 | -0.0746 | 0.3169 | COMPLIANT_CONVERGENCE_STEP | COMMIT_DERIVATIVE_WEIGHT_ADJUSTMENT | 200
NET-01686 | 1.9462 | -0.0012 | 0.0041 | COMPLIANT_CONVERGENCE_STEP | COMMIT_DERIVATIVE_WEIGHT_ADJUSTMENT | 200
NET-01687 | 1.1686 | -0.1113 | 0.4379 | COMPLIANT_CONVERGENCE_STEP | COMMIT_DERIVATIVE_WEIGHT_ADJUSTMENT | 200
NET-01688 | 0.2737 | -0.0623 | 0.0489 | COMPLIANT_CONVERGENCE_STEP | COMMIT_DERIVATIVE_WEIGHT_ADJUSTMENT | 200
NET-01689 | 1.9889 | 0.1809 | 0.6890 | COMPLIANT_CONVERGENCE_STEP | COMMIT_DERIVATIVE_WEIGHT_ADJUSTMENT | 200
NET-01690 | 3.0485 | -0.0261 | 0.1349 | COMPLIANT_CONVERGENCE_STEP | COMMIT_DERIVATIVE_WEIGHT_ADJUSTMENT | 200
NET-01691 | -2.9839 | 0.0692 | 0.3234 | COMPLIANT_CONVERGENCE_STEP | COMMIT_DERIVATIVE_WEIGHT_ADJUSTMENT | 200
NET-01692 | -0.0633 | -0.0474 | 0.0082 | COMPLIANT_CONVERGENCE_STEP | COMMIT_DERIVATIVE_WEIGHT_ADJUSTMENT | 200
NET-01693 | -1.4863 | 0.2650 | 0.6986 | COMPLIANT_CONVERGENCE_STEP | COMMIT_DERIVATIVE_WEIGHT_ADJUSTMENT | 200
NET-01694 | -1.2873 | -0.2703 | 0.8648 | COMPLIANT_CONVERGENCE_STEP | COMMIT_DERIVATIVE_WEIGHT_ADJUSTMENT | 200
NET-01695 | -0.2904 | -0.0444 | 0.0544 | COMPLIANT_CONVERGENCE_STEP | COMMIT_DERIVATIVE_WEIGHT_ADJUSTMENT | 200
NET-01696 | -1.0579 | 0.0145 | 0.0573 | COMPLIANT_CONVERGENCE_STEP | COMMIT_DERIVATIVE_WEIGHT_ADJUSTMENT | 200
NET-01697 | -4.3440 | -0.1402 | 0.9475 | COMPLIANT_CONVERGENCE_STEP | COMMIT_DERIVATIVE_WEIGHT_ADJUSTMENT | 200
NET-01698 | -2.6948 | -0.2029 | 0.8425 | COMPLIANT_CONVERGENCE_STEP | COMMIT_DERIVATIVE_WEIGHT_ADJUSTMENT | 200
NET-01699 | 1.4229 | -0.0566 | 0.2428 | COMPLIANT_CONVERGENCE_STEP | COMMIT_DERIVATIVE_WEIGHT_ADJUSTMENT | 200
NET-01700 | 1.0148 | -0.1277 | 0.2555 | COMPLIANT_CONVERGENCE_STEP | COMMIT_DERIVATIVE_WEIGHT_ADJUSTMENT | 200
NET-01701 | 2.4424 | -0.0089 | 0.0387 | COMPLIANT_CONVERGENCE_STEP | COMMIT_DERIVATIVE_WEIGHT_ADJUSTMENT | 200
NET-01702 | -0.9575 | 0.0328 | 0.0560 | COMPLIANT_CONVERGENCE_STEP | COMMIT_DERIVATIVE_WEIGHT_ADJUSTMENT | 200
NET-01703 | -0.5228 | 0.0701 | 0.1180 | COMPLIANT_CONVERGENCE_STEP | COMMIT_DERIVATIVE_WEIGHT_ADJUSTMENT | 200
NET-01704 | -1.0628 | 0.0969 | 0.2466 | COMPLIANT_CONVERGENCE_STEP | COMMIT_DERIVATIVE_WEIGHT_ADJUSTMENT | 200
NET-01705 | -1.7747 | 0.0879 | 0.3188 | COMPLIANT_CONVERGENCE_STEP | COMMIT_DERIVATIVE_WEIGHT_ADJUSTMENT | 200
NET-01706 | -3.5483 | 0.1843 | 1.0272 | COMPLIANT_CONVERGENCE_STEP | COMMIT_DERIVATIVE_WEIGHT_ADJUSTMENT | 200
NET-01707 | 0.1047 | 0.0324 | 0.0476 | COMPLIANT_CONVERGENCE_STEP | COMMIT_DERIVATIVE_WEIGHT_ADJUSTMENT | 200
NET-01708 | -0.9665 | 0.1936 | 0.4909 | COMPLIANT_CONVERGENCE_STEP | COMMIT_DERIVATIVE_WEIGHT_ADJUSTMENT | 200
NET-01709 | 1.3913 | -0.0442 | 0.1037 | COMPLIANT_CONVERGENCE_STEP | COMMIT_DERIVATIVE_WEIGHT_ADJUSTMENT | 200
NET-01710 | -0.6048 | -0.0196 | 0.0561 | COMPLIANT_CONVERGENCE_STEP | COMMIT_DERIVATIVE_WEIGHT_ADJUSTMENT | 200
NET-01711 | -0.4989 | 0.0072 | 0.0238 | COMPLIANT_CONVERGENCE_STEP | COMMIT_DERIVATIVE_WEIGHT_ADJUSTMENT | 200
NET-01712 | -3.3342 | 0.0413 | 0.2102 | COMPLIANT_CONVERGENCE_STEP | COMMIT_DERIVATIVE_WEIGHT_ADJUSTMENT | 200
NET-01713 | 1.0435 | -0.2888 | 0.7419 | COMPLIANT_CONVERGENCE_STEP | COMMIT_DERIVATIVE_WEIGHT_ADJUSTMENT | 200
NET-01714 | -0.6414 | -0.1436 | 0.1652 | COMPLIANT_CONVERGENCE_STEP | COMMIT_DERIVATIVE_WEIGHT_ADJUSTMENT | 200
NET-01715 | -4.2460 | 0.0978 | 0.6523 | COMPLIANT_CONVERGENCE_STEP | COMMIT_DERIVATIVE_WEIGHT_ADJUSTMENT | 200
NET-01716 | 3.5778 | -0.0167 | 0.0913 | COMPLIANT_CONVERGENCE_STEP | COMMIT_DERIVATIVE_WEIGHT_ADJUSTMENT | 200
NET-01717 | -2.1580 | 0.0441 | 0.1782 | COMPLIANT_CONVERGENCE_STEP | COMMIT_DERIVATIVE_WEIGHT_ADJUSTMENT | 200
NET-01718 | 2.4828 | 0.0666 | 0.2856 | COMPLIANT_CONVERGENCE_STEP | COMMIT_DERIVATIVE_WEIGHT_ADJUSTMENT | 200
NET-01719 | 3.1007 | 0.1496 | 0.7317 | COMPLIANT_CONVERGENCE_STEP | COMMIT_DERIVATIVE_WEIGHT_ADJUSTMENT | 200
NET-01720 | -0.8022 | -0.0451 | 0.1072 | COMPLIANT_CONVERGENCE_STEP | COMMIT_DERIVATIVE_WEIGHT_ADJUSTMENT | 200
NET-01721 | -1.6585 | 0.0550 | 0.1789 | COMPLIANT_CONVERGENCE_STEP | COMMIT_DERIVATIVE_WEIGHT_ADJUSTMENT | 200
NET-01722 | -3.4055 | -0.1600 | 0.8368 | COMPLIANT_CONVERGENCE_STEP | COMMIT_DERIVATIVE_WEIGHT_ADJUSTMENT | 200
NET-01723 | -2.5937 | -0.1192 | 0.5287 | COMPLIANT_CONVERGENCE_STEP | COMMIT_DERIVATIVE_WEIGHT_ADJUSTMENT | 200
NET-01724 | -1.3814 | -0.1308 | 0.4688 | COMPLIANT_CONVERGENCE_STEP | COMMIT_DERIVATIVE_WEIGHT_ADJUSTMENT | 200
NET-01725 | 1.5359 | 0.0602 | 0.1426 | COMPLIANT_CONVERGENCE_STEP | COMMIT_DERIVATIVE_WEIGHT_ADJUSTMENT | 200
NET-01726 | -3.9778 | -0.0274 | 0.1707 | COMPLIANT_CONVERGENCE_STEP | COMMIT_DERIVATIVE_WEIGHT_ADJUSTMENT | 200
NET-01727 | 1.3860 | -0.1360 | 0.4468 | COMPLIANT_CONVERGENCE_STEP | COMMIT_DERIVATIVE_WEIGHT_ADJUSTMENT | 200
NET-01728 | 4.2204 | -0.0168 | 0.1102 | COMPLIANT_CONVERGENCE_STEP | COMMIT_DERIVATIVE_WEIGHT_ADJUSTMENT | 200
NET-01729 | 2.9171 | 0.0314 | 0.1450 | COMPLIANT_CONVERGENCE_STEP | COMMIT_DERIVATIVE_WEIGHT_ADJUSTMENT | 200
NET-01730 | 0.3961 | -0.1515 | 0.1607 | COMPLIANT_CONVERGENCE_STEP | COMMIT_DERIVATIVE_WEIGHT_ADJUSTMENT | 200
NET-01731 | -0.0301 | -0.0089 | 0.0172 | COMPLIANT_CONVERGENCE_STEP | COMMIT_DERIVATIVE_WEIGHT_ADJUSTMENT | 200
NET-01732 | -0.7643 | -0.0735 | 0.2174 | COMPLIANT_CONVERGENCE_STEP | COMMIT_DERIVATIVE_WEIGHT_ADJUSTMENT | 200
NET-01733 | 0.3251 | 0.0746 | 0.0415 | COMPLIANT_CONVERGENCE_STEP | COMMIT_DERIVATIVE_WEIGHT_ADJUSTMENT | 200
NET-01734 | -0.4431 | 0.1272 | 0.0917 | COMPLIANT_CONVERGENCE_STEP | COMMIT_DERIVATIVE_WEIGHT_ADJUSTMENT | 200
NET-01735 | -1.3855 | 0.0765 | 0.2521 | COMPLIANT_CONVERGENCE_STEP | COMMIT_DERIVATIVE_WEIGHT_ADJUSTMENT | 200
NET-01736 | 2.4026 | 0.0025 | 0.0094 | COMPLIANT_CONVERGENCE_STEP | COMMIT_DERIVATIVE_WEIGHT_ADJUSTMENT | 200
NET-01737 | -0.8145 | 0.1114 | 0.1655 | COMPLIANT_CONVERGENCE_STEP | COMMIT_DERIVATIVE_WEIGHT_ADJUSTMENT | 200
NET-01738 | -2.6252 | 0.0118 | 0.0480 | COMPLIANT_CONVERGENCE_STEP | COMMIT_DERIVATIVE_WEIGHT_ADJUSTMENT | 200
NET-01739 | -1.6016 | 0.1731 | 0.4667 | COMPLIANT_CONVERGENCE_STEP | COMMIT_DERIVATIVE_WEIGHT_ADJUSTMENT | 200
NET-01740 | -0.7673 | 0.1092 | 0.1298 | COMPLIANT_CONVERGENCE_STEP | COMMIT_DERIVATIVE_WEIGHT_ADJUSTMENT | 200
NET-01741 | 0.7223 | -0.0161 | 0.0509 | COMPLIANT_CONVERGENCE_STEP | COMMIT_DERIVATIVE_WEIGHT_ADJUSTMENT | 200
NET-01742 | 0.4281 | -0.0183 | 0.0421 | COMPLIANT_CONVERGENCE_STEP | COMMIT_DERIVATIVE_WEIGHT_ADJUSTMENT | 200
NET-01743 | 0.8279 | 0.0738 | 0.1856 | COMPLIANT_CONVERGENCE_STEP | COMMIT_DERIVATIVE_WEIGHT_ADJUSTMENT | 200
NET-01744 | -1.5037 | 0.1098 | 0.4866 | COMPLIANT_CONVERGENCE_STEP | COMMIT_DERIVATIVE_WEIGHT_ADJUSTMENT | 200
NET-01745 | 1.0092 | 0.0371 | 0.1222 | COMPLIANT_CONVERGENCE_STEP | COMMIT_DERIVATIVE_WEIGHT_ADJUSTMENT | 200
NET-01746 | 0.7662 | -0.0047 | 0.0095 | COMPLIANT_CONVERGENCE_STEP | COMMIT_DERIVATIVE_WEIGHT_ADJUSTMENT | 200
NET-01747 | -3.4385 | -0.0948 | 0.4996 | COMPLIANT_CONVERGENCE_STEP | COMMIT_DERIVATIVE_WEIGHT_ADJUSTMENT | 200
NET-01748 | -1.1589 | -0.0948 | 0.2074 | COMPLIANT_CONVERGENCE_STEP | COMMIT_DERIVATIVE_WEIGHT_ADJUSTMENT | 200
NET-01749 | 1.8532 | 0.0288 | 0.0823 | COMPLIANT_CONVERGENCE_STEP | COMMIT_DERIVATIVE_WEIGHT_ADJUSTMENT | 200
NET-01750 | -3.4035 | 0.1199 | 0.6407 | COMPLIANT_CONVERGENCE_STEP | COMMIT_DERIVATIVE_WEIGHT_ADJUSTMENT | 200
NET-01751 | -1.0676 | -0.0404 | 0.1132 | COMPLIANT_CONVERGENCE_STEP | COMMIT_DERIVATIVE_WEIGHT_ADJUSTMENT | 200
NET-01752 | -3.0411 | 0.0594 | 0.2913 | COMPLIANT_CONVERGENCE_STEP | COMMIT_DERIVATIVE_WEIGHT_ADJUSTMENT | 200
NET-01753 | -2.3528 | 0.0307 | 0.1369 | COMPLIANT_CONVERGENCE_STEP | COMMIT_DERIVATIVE_WEIGHT_ADJUSTMENT | 200
NET-01754 | -2.1927 | -0.1611 | 0.5397 | COMPLIANT_CONVERGENCE_STEP | COMMIT_DERIVATIVE_WEIGHT_ADJUSTMENT | 200
NET-01755 | 3.5365 | -0.1322 | 0.7193 | COMPLIANT_CONVERGENCE_STEP | COMMIT_DERIVATIVE_WEIGHT_ADJUSTMENT | 200
NET-01756 | 2.7735 | -0.0416 | 0.1811 | COMPLIANT_CONVERGENCE_STEP | COMMIT_DERIVATIVE_WEIGHT_ADJUSTMENT | 200
NET-01757 | 3.7560 | 0.1165 | 0.6715 | COMPLIANT_CONVERGENCE_STEP | COMMIT_DERIVATIVE_WEIGHT_ADJUSTMENT | 200
NET-01758 | 0.4102 | -0.0434 | 0.0484 | COMPLIANT_CONVERGENCE_STEP | COMMIT_DERIVATIVE_WEIGHT_ADJUSTMENT | 200
NET-01759 | -2.1266 | -0.1154 | 0.4224 | COMPLIANT_CONVERGENCE_STEP | COMMIT_DERIVATIVE_WEIGHT_ADJUSTMENT | 200
NET-01760 | -0.7760 | 0.0328 | 0.0739 | COMPLIANT_CONVERGENCE_STEP | COMMIT_DERIVATIVE_WEIGHT_ADJUSTMENT | 200
NET-01761 | 0.8908 | -0.1869 | 0.4893 | COMPLIANT_CONVERGENCE_STEP | COMMIT_DERIVATIVE_WEIGHT_ADJUSTMENT | 200
NET-01762 | 1.3363 | -0.1074 | 0.3376 | COMPLIANT_CONVERGENCE_STEP | COMMIT_DERIVATIVE_WEIGHT_ADJUSTMENT | 200
NET-01763 | -2.5080 | -0.1622 | 0.6494 | COMPLIANT_CONVERGENCE_STEP | COMMIT_DERIVATIVE_WEIGHT_ADJUSTMENT | 200
NET-01764 | 0.5859 | -0.0527 | 0.0805 | COMPLIANT_CONVERGENCE_STEP | COMMIT_DERIVATIVE_WEIGHT_ADJUSTMENT | 200
NET-01765 | -2.0505 | -0.0326 | 0.1098 | COMPLIANT_CONVERGENCE_STEP | COMMIT_DERIVATIVE_WEIGHT_ADJUSTMENT | 200
NET-01766 | -0.3975 | -0.1271 | 0.2040 | COMPLIANT_CONVERGENCE_STEP | COMMIT_DERIVATIVE_WEIGHT_ADJUSTMENT | 200
NET-01767 | 1.1326 | -0.0289 | 0.0629 | COMPLIANT_CONVERGENCE_STEP | COMMIT_DERIVATIVE_WEIGHT_ADJUSTMENT | 200
NET-01768 | 0.0606 | 0.0429 | 0.0172 | COMPLIANT_CONVERGENCE_STEP | COMMIT_DERIVATIVE_WEIGHT_ADJUSTMENT | 200
NET-01769 | 0.2922 | 0.0078 | 0.0159 | COMPLIANT_CONVERGENCE_STEP | COMMIT_DERIVATIVE_WEIGHT_ADJUSTMENT | 200
NET-01770 | 0.5522 | -0.0655 | 0.1592 | COMPLIANT_CONVERGENCE_STEP | COMMIT_DERIVATIVE_WEIGHT_ADJUSTMENT | 200
NET-01771 | -0.3890 | 0.1328 | 0.0821 | COMPLIANT_CONVERGENCE_STEP | COMMIT_DERIVATIVE_WEIGHT_ADJUSTMENT | 200
NET-01772 | 0.4662 | 0.0582 | 0.1655 | COMPLIANT_CONVERGENCE_STEP | COMMIT_DERIVATIVE_WEIGHT_ADJUSTMENT | 200
NET-01773 | 2.8495 | -0.1120 | 0.4890 | COMPLIANT_CONVERGENCE_STEP | COMMIT_DERIVATIVE_WEIGHT_ADJUSTMENT | 200
NET-01774 | 2.0305 | 0.2632 | 1.0986 | COMPLIANT_CONVERGENCE_STEP | COMMIT_DERIVATIVE_WEIGHT_ADJUSTMENT | 200
NET-01775 | 1.2116 | -0.1555 | 0.4043 | COMPLIANT_CONVERGENCE_STEP | COMMIT_DERIVATIVE_WEIGHT_ADJUSTMENT | 200
NET-01776 | -2.4765 | -0.1002 | 0.4305 | COMPLIANT_CONVERGENCE_STEP | COMMIT_DERIVATIVE_WEIGHT_ADJUSTMENT | 200
NET-01777 | 0.1181 | 0.0624 | 0.1224 | COMPLIANT_CONVERGENCE_STEP | COMMIT_DERIVATIVE_WEIGHT_ADJUSTMENT | 200
NET-01778 | -0.5787 | -0.0455 | 0.0417 | COMPLIANT_CONVERGENCE_STEP | COMMIT_DERIVATIVE_WEIGHT_ADJUSTMENT | 200
NET-01779 | -1.9404 | 0.0338 | 0.1013 | COMPLIANT_CONVERGENCE_STEP | COMMIT_DERIVATIVE_WEIGHT_ADJUSTMENT | 200
NET-01780 | 0.7853 | -0.1081 | 0.3514 | COMPLIANT_CONVERGENCE_STEP | COMMIT_DERIVATIVE_WEIGHT_ADJUSTMENT | 200
NET-01781 | -2.3960 | -0.0463 | 0.1966 | COMPLIANT_CONVERGENCE_STEP | COMMIT_DERIVATIVE_WEIGHT_ADJUSTMENT | 200
NET-01782 | 2.9643 | 0.1395 | 0.6328 | COMPLIANT_CONVERGENCE_STEP | COMMIT_DERIVATIVE_WEIGHT_ADJUSTMENT | 200
NET-01783 | 1.2940 | -0.0990 | 0.3443 | COMPLIANT_CONVERGENCE_STEP | COMMIT_DERIVATIVE_WEIGHT_ADJUSTMENT | 200
NET-01784 | -0.2343 | 0.0081 | 0.0152 | COMPLIANT_CONVERGENCE_STEP | COMMIT_DERIVATIVE_WEIGHT_ADJUSTMENT | 200
NET-01785 | -0.0179 | -0.0192 | 0.0457 | COMPLIANT_CONVERGENCE_STEP | COMMIT_DERIVATIVE_WEIGHT_ADJUSTMENT | 200
NET-01786 | 3.6027 | 0.0390 | 0.2205 | COMPLIANT_CONVERGENCE_STEP | COMMIT_DERIVATIVE_WEIGHT_ADJUSTMENT | 200
NET-01787 | 0.5735 | -0.1754 | 0.2172 | COMPLIANT_CONVERGENCE_STEP | COMMIT_DERIVATIVE_WEIGHT_ADJUSTMENT | 200
NET-01788 | 0.7933 | -0.1096 | 0.1343 | COMPLIANT_CONVERGENCE_STEP | COMMIT_DERIVATIVE_WEIGHT_ADJUSTMENT | 200
NET-01789 | -1.3294 | 0.1245 | 0.4806 | COMPLIANT_CONVERGENCE_STEP | COMMIT_DERIVATIVE_WEIGHT_ADJUSTMENT | 200
NET-01790 | -1.4124 | 0.1484 | 0.5154 | COMPLIANT_CONVERGENCE_STEP | COMMIT_DERIVATIVE_WEIGHT_ADJUSTMENT | 200
NET-01791 | -1.1557 | 0.0688 | 0.2149 | COMPLIANT_CONVERGENCE_STEP | COMMIT_DERIVATIVE_WEIGHT_ADJUSTMENT | 200
NET-01792 | 2.7769 | -0.0760 | 0.3547 | COMPLIANT_CONVERGENCE_STEP | COMMIT_DERIVATIVE_WEIGHT_ADJUSTMENT | 200
NET-01793 | -0.2311 | -0.0250 | 0.0162 | COMPLIANT_CONVERGENCE_STEP | COMMIT_DERIVATIVE_WEIGHT_ADJUSTMENT | 200
NET-01794 | 0.3301 | -0.1123 | 0.1979 | COMPLIANT_CONVERGENCE_STEP | COMMIT_DERIVATIVE_WEIGHT_ADJUSTMENT | 200
NET-01795 | -1.2248 | -0.0500 | 0.2081 | COMPLIANT_CONVERGENCE_STEP | COMMIT_DERIVATIVE_WEIGHT_ADJUSTMENT | 200
NET-01796 | -2.9680 | -0.0658 | 0.3014 | COMPLIANT_CONVERGENCE_STEP | COMMIT_DERIVATIVE_WEIGHT_ADJUSTMENT | 200
NET-01797 | 1.2020 | -0.0253 | 0.0517 | COMPLIANT_CONVERGENCE_STEP | COMMIT_DERIVATIVE_WEIGHT_ADJUSTMENT | 200
NET-01798 | -1.2543 | 0.1826 | 0.7000 | COMPLIANT_CONVERGENCE_STEP | COMMIT_DERIVATIVE_WEIGHT_ADJUSTMENT | 200
NET-01799 | -1.5114 | 0.0327 | 0.1254 | COMPLIANT_CONVERGENCE_STEP | COMMIT_DERIVATIVE_WEIGHT_ADJUSTMENT | 200
NET-01800 | -3.1225 | -0.0836 | 0.4130 | COMPLIANT_CONVERGENCE_STEP | COMMIT_DERIVATIVE_WEIGHT_ADJUSTMENT | 200
NET-01801 | 3.3935 | 0.0080 | 0.0414 | COMPLIANT_CONVERGENCE_STEP | COMMIT_DERIVATIVE_WEIGHT_ADJUSTMENT | 200
NET-01802 | 0.0546 | -0.0182 | 0.0463 | COMPLIANT_CONVERGENCE_STEP | COMMIT_DERIVATIVE_WEIGHT_ADJUSTMENT | 200
NET-01803 | -1.8742 | 0.0582 | 0.1879 | COMPLIANT_CONVERGENCE_STEP | COMMIT_DERIVATIVE_WEIGHT_ADJUSTMENT | 200
NET-01804 | -2.7389 | 0.1323 | 0.6323 | COMPLIANT_CONVERGENCE_STEP | COMMIT_DERIVATIVE_WEIGHT_ADJUSTMENT | 200
NET-01805 | -0.1254 | 0.0197 | 0.0289 | COMPLIANT_CONVERGENCE_STEP | COMMIT_DERIVATIVE_WEIGHT_ADJUSTMENT | 200
NET-01806 | 0.1821 | 0.0063 | 0.0183 | COMPLIANT_CONVERGENCE_STEP | COMMIT_DERIVATIVE_WEIGHT_ADJUSTMENT | 200
NET-01807 | 1.1890 | 0.0663 | 0.1206 | COMPLIANT_CONVERGENCE_STEP | COMMIT_DERIVATIVE_WEIGHT_ADJUSTMENT | 200
NET-01808 | -1.3910 | 0.0334 | 0.0945 | COMPLIANT_CONVERGENCE_STEP | COMMIT_DERIVATIVE_WEIGHT_ADJUSTMENT | 200
NET-01809 | -0.5059 | 0.1045 | 0.3235 | COMPLIANT_CONVERGENCE_STEP | COMMIT_DERIVATIVE_WEIGHT_ADJUSTMENT | 200
NET-01810 | -0.9836 | -0.1170 | 0.4342 | COMPLIANT_CONVERGENCE_STEP | COMMIT_DERIVATIVE_WEIGHT_ADJUSTMENT | 200
NET-01811 | 0.3629 | 0.0449 | 0.0693 | COMPLIANT_CONVERGENCE_STEP | COMMIT_DERIVATIVE_WEIGHT_ADJUSTMENT | 200
NET-01812 | 1.7219 | -0.1442 | 0.3898 | COMPLIANT_CONVERGENCE_STEP | COMMIT_DERIVATIVE_WEIGHT_ADJUSTMENT | 200
NET-01813 | -0.5251 | -0.1434 | 0.3112 | COMPLIANT_CONVERGENCE_STEP | COMMIT_DERIVATIVE_WEIGHT_ADJUSTMENT | 200
NET-01814 | -3.2184 | 0.0287 | 0.1440 | COMPLIANT_CONVERGENCE_STEP | COMMIT_DERIVATIVE_WEIGHT_ADJUSTMENT | 200
NET-01815 | -1.6935 | 0.1235 | 0.4609 | COMPLIANT_CONVERGENCE_STEP | COMMIT_DERIVATIVE_WEIGHT_ADJUSTMENT | 200
NET-01816 | 2.5870 | 0.2368 | 1.0474 | COMPLIANT_CONVERGENCE_STEP | COMMIT_DERIVATIVE_WEIGHT_ADJUSTMENT | 200
NET-01817 | -0.7738 | 0.1502 | 0.2756 | COMPLIANT_CONVERGENCE_STEP | COMMIT_DERIVATIVE_WEIGHT_ADJUSTMENT | 200
NET-01818 | 0.5872 | 0.1447 | 0.3715 | COMPLIANT_CONVERGENCE_STEP | COMMIT_DERIVATIVE_WEIGHT_ADJUSTMENT | 200
NET-01819 | -0.2819 | -0.1415 | 0.2686 | COMPLIANT_CONVERGENCE_STEP | COMMIT_DERIVATIVE_WEIGHT_ADJUSTMENT | 200
NET-01820 | -0.6397 | -0.0154 | 0.0170 | COMPLIANT_CONVERGENCE_STEP | COMMIT_DERIVATIVE_WEIGHT_ADJUSTMENT | 200
NET-01821 | -1.2976 | -0.0481 | 0.1279 | COMPLIANT_CONVERGENCE_STEP | COMMIT_DERIVATIVE_WEIGHT_ADJUSTMENT | 200
NET-01822 | -1.8390 | 0.2149 | 0.7425 | COMPLIANT_CONVERGENCE_STEP | COMMIT_DERIVATIVE_WEIGHT_ADJUSTMENT | 200
NET-01823 | -0.2787 | 0.1293 | 0.2349 | COMPLIANT_CONVERGENCE_STEP | COMMIT_DERIVATIVE_WEIGHT_ADJUSTMENT | 200
NET-01824 | 2.1700 | -0.1163 | 0.3883 | COMPLIANT_CONVERGENCE_STEP | COMMIT_DERIVATIVE_WEIGHT_ADJUSTMENT | 200
NET-01825 | 1.7821 | -0.0410 | 0.1244 | COMPLIANT_CONVERGENCE_STEP | COMMIT_DERIVATIVE_WEIGHT_ADJUSTMENT | 200
NET-01826 | 1.5040 | 0.0079 | 0.0258 | COMPLIANT_CONVERGENCE_STEP | COMMIT_DERIVATIVE_WEIGHT_ADJUSTMENT | 200
NET-01827 | -2.6801 | -0.0948 | 0.4189 | COMPLIANT_CONVERGENCE_STEP | COMMIT_DERIVATIVE_WEIGHT_ADJUSTMENT | 200
NET-01828 | 2.8528 | -0.1789 | 0.8237 | COMPLIANT_CONVERGENCE_STEP | COMMIT_DERIVATIVE_WEIGHT_ADJUSTMENT | 200
NET-01829 | 0.7140 | 0.0347 | 0.0988 | COMPLIANT_CONVERGENCE_STEP | COMMIT_DERIVATIVE_WEIGHT_ADJUSTMENT | 200
NET-01830 | -0.3566 | -0.0125 | 0.0247 | COMPLIANT_CONVERGENCE_STEP | COMMIT_DERIVATIVE_WEIGHT_ADJUSTMENT | 200
NET-01831 | 3.2816 | 0.0017 | 0.0088 | COMPLIANT_CONVERGENCE_STEP | COMMIT_DERIVATIVE_WEIGHT_ADJUSTMENT | 200
NET-01832 | -0.3759 | -0.2395 | 0.4510 | COMPLIANT_CONVERGENCE_STEP | COMMIT_DERIVATIVE_WEIGHT_ADJUSTMENT | 200
NET-01833 | -0.5296 | 0.2214 | 0.4541 | COMPLIANT_CONVERGENCE_STEP | COMMIT_DERIVATIVE_WEIGHT_ADJUSTMENT | 200
NET-01834 | 1.8689 | -0.0571 | 0.1627 | COMPLIANT_CONVERGENCE_STEP | COMMIT_DERIVATIVE_WEIGHT_ADJUSTMENT | 200
NET-01835 | 2.0195 | 0.0295 | 0.0937 | COMPLIANT_CONVERGENCE_STEP | COMMIT_DERIVATIVE_WEIGHT_ADJUSTMENT | 200
NET-01836 | 1.5785 | -0.0465 | 0.1166 | COMPLIANT_CONVERGENCE_STEP | COMMIT_DERIVATIVE_WEIGHT_ADJUSTMENT | 200
NET-01837 | -3.6410 | 0.0404 | 0.2318 | COMPLIANT_CONVERGENCE_STEP | COMMIT_DERIVATIVE_WEIGHT_ADJUSTMENT | 200
NET-01838 | 0.2495 | 0.0044 | 0.0102 | COMPLIANT_CONVERGENCE_STEP | COMMIT_DERIVATIVE_WEIGHT_ADJUSTMENT | 200
NET-01839 | 1.1952 | -0.0564 | 0.2265 | COMPLIANT_CONVERGENCE_STEP | COMMIT_DERIVATIVE_WEIGHT_ADJUSTMENT | 200
NET-01840 | -2.2652 | -0.3358 | 1.1604 | COMPLIANT_CONVERGENCE_STEP | COMMIT_DERIVATIVE_WEIGHT_ADJUSTMENT | 200
NET-01841 | -0.8625 | -0.0753 | 0.1011 | COMPLIANT_CONVERGENCE_STEP | COMMIT_DERIVATIVE_WEIGHT_ADJUSTMENT | 200
NET-01842 | 1.0880 | 0.0849 | 0.2749 | COMPLIANT_CONVERGENCE_STEP | COMMIT_DERIVATIVE_WEIGHT_ADJUSTMENT | 200
NET-01843 | -0.2836 | 0.0443 | 0.0242 | COMPLIANT_CONVERGENCE_STEP | COMMIT_DERIVATIVE_WEIGHT_ADJUSTMENT | 200
NET-01844 | 0.9792 | 0.0517 | 0.0778 | COMPLIANT_CONVERGENCE_STEP | COMMIT_DERIVATIVE_WEIGHT_ADJUSTMENT | 200
NET-01845 | 3.7634 | 0.2004 | 1.1564 | COMPLIANT_CONVERGENCE_STEP | COMMIT_DERIVATIVE_WEIGHT_ADJUSTMENT | 200
NET-01846 | -2.0388 | 0.0505 | 0.1584 | COMPLIANT_CONVERGENCE_STEP | COMMIT_DERIVATIVE_WEIGHT_ADJUSTMENT | 200
NET-01847 | -3.7534 | -0.0480 | 0.2879 | COMPLIANT_CONVERGENCE_STEP | COMMIT_DERIVATIVE_WEIGHT_ADJUSTMENT | 200
NET-01848 | -1.9950 | 0.1466 | 0.4587 | COMPLIANT_CONVERGENCE_STEP | COMMIT_DERIVATIVE_WEIGHT_ADJUSTMENT | 200
NET-01849 | 1.6364 | -0.1027 | 0.3604 | COMPLIANT_CONVERGENCE_STEP | COMMIT_DERIVATIVE_WEIGHT_ADJUSTMENT | 200
NET-01850 | 2.2177 | -0.0869 | 0.3506 | COMPLIANT_CONVERGENCE_STEP | COMMIT_DERIVATIVE_WEIGHT_ADJUSTMENT | 200
NET-01851 | -1.0217 | 0.0728 | 0.1416 | COMPLIANT_CONVERGENCE_STEP | COMMIT_DERIVATIVE_WEIGHT_ADJUSTMENT | 200
NET-01852 | 3.1049 | -0.0043 | 0.0214 | COMPLIANT_CONVERGENCE_STEP | COMMIT_DERIVATIVE_WEIGHT_ADJUSTMENT | 200
NET-01853 | 1.8194 | -0.1477 | 0.4926 | COMPLIANT_CONVERGENCE_STEP | COMMIT_DERIVATIVE_WEIGHT_ADJUSTMENT | 200
NET-01854 | 0.7222 | -0.0271 | 0.0916 | COMPLIANT_CONVERGENCE_STEP | COMMIT_DERIVATIVE_WEIGHT_ADJUSTMENT | 200
NET-01855 | 2.0346 | 0.0379 | 0.1463 | COMPLIANT_CONVERGENCE_STEP | COMMIT_DERIVATIVE_WEIGHT_ADJUSTMENT | 200
NET-01856 | -0.1462 | 0.0099 | 0.0247 | COMPLIANT_CONVERGENCE_STEP | COMMIT_DERIVATIVE_WEIGHT_ADJUSTMENT | 200
NET-01857 | 2.0005 | -0.0025 | 0.0077 | COMPLIANT_CONVERGENCE_STEP | COMMIT_DERIVATIVE_WEIGHT_ADJUSTMENT | 200
NET-01858 | -0.3976 | 0.0525 | 0.0334 | COMPLIANT_CONVERGENCE_STEP | COMMIT_DERIVATIVE_WEIGHT_ADJUSTMENT | 200
NET-01859 | 2.3749 | 0.2237 | 0.8182 | COMPLIANT_CONVERGENCE_STEP | COMMIT_DERIVATIVE_WEIGHT_ADJUSTMENT | 200
NET-01860 | 0.3290 | -0.1785 | 0.4075 | COMPLIANT_CONVERGENCE_STEP | COMMIT_DERIVATIVE_WEIGHT_ADJUSTMENT | 200
NET-01861 | 0.6901 | 0.0228 | 0.0603 | COMPLIANT_CONVERGENCE_STEP | COMMIT_DERIVATIVE_WEIGHT_ADJUSTMENT | 200
NET-01862 | 0.5919 | -0.0271 | 0.0387 | COMPLIANT_CONVERGENCE_STEP | COMMIT_DERIVATIVE_WEIGHT_ADJUSTMENT | 200
NET-01863 | -1.5370 | -0.0008 | 0.0022 | COMPLIANT_CONVERGENCE_STEP | COMMIT_DERIVATIVE_WEIGHT_ADJUSTMENT | 200
NET-01864 | 1.0243 | 0.0447 | 0.0920 | COMPLIANT_CONVERGENCE_STEP | COMMIT_DERIVATIVE_WEIGHT_ADJUSTMENT | 200
NET-01865 | 4.1184 | -0.0323 | 0.2059 | COMPLIANT_CONVERGENCE_STEP | COMMIT_DERIVATIVE_WEIGHT_ADJUSTMENT | 200
NET-01866 | 3.0786 | 0.1498 | 0.7107 | COMPLIANT_CONVERGENCE_STEP | COMMIT_DERIVATIVE_WEIGHT_ADJUSTMENT | 200
NET-01867 | -2.4690 | -0.2336 | 0.9978 | COMPLIANT_CONVERGENCE_STEP | COMMIT_DERIVATIVE_WEIGHT_ADJUSTMENT | 200
NET-01868 | -2.5358 | 0.1614 | 0.6309 | COMPLIANT_CONVERGENCE_STEP | COMMIT_DERIVATIVE_WEIGHT_ADJUSTMENT | 200
NET-01869 | -2.7019 | 0.1170 | 0.4859 | COMPLIANT_CONVERGENCE_STEP | COMMIT_DERIVATIVE_WEIGHT_ADJUSTMENT | 200
NET-01870 | 2.6588 | -0.0287 | 0.1300 | COMPLIANT_CONVERGENCE_STEP | COMMIT_DERIVATIVE_WEIGHT_ADJUSTMENT | 200
NET-01871 | 2.2141 | -0.1566 | 0.5365 | COMPLIANT_CONVERGENCE_STEP | COMMIT_DERIVATIVE_WEIGHT_ADJUSTMENT | 200
NET-01872 | -0.7028 | -0.0036 | 0.0095 | COMPLIANT_CONVERGENCE_STEP | COMMIT_DERIVATIVE_WEIGHT_ADJUSTMENT | 200
NET-01873 | 1.0954 | 0.0856 | 0.2214 | COMPLIANT_CONVERGENCE_STEP | COMMIT_DERIVATIVE_WEIGHT_ADJUSTMENT | 200
NET-01874 | 1.0391 | -0.0832 | 0.2651 | COMPLIANT_CONVERGENCE_STEP | COMMIT_DERIVATIVE_WEIGHT_ADJUSTMENT | 200
NET-01875 | 2.8036 | -0.1322 | 0.6330 | COMPLIANT_CONVERGENCE_STEP | COMMIT_DERIVATIVE_WEIGHT_ADJUSTMENT | 200
NET-01876 | 0.5071 | -0.0588 | 0.0504 | COMPLIANT_CONVERGENCE_STEP | COMMIT_DERIVATIVE_WEIGHT_ADJUSTMENT | 200
NET-01877 | 1.5797 | -0.0957 | 0.2846 | COMPLIANT_CONVERGENCE_STEP | COMMIT_DERIVATIVE_WEIGHT_ADJUSTMENT | 200
NET-01878 | -1.1669 | -0.2426 | 0.6774 | COMPLIANT_CONVERGENCE_STEP | COMMIT_DERIVATIVE_WEIGHT_ADJUSTMENT | 200
NET-01879 | -1.3936 | -0.2148 | 0.4638 | COMPLIANT_CONVERGENCE_STEP | COMMIT_DERIVATIVE_WEIGHT_ADJUSTMENT | 200
NET-01880 | 1.2360 | 0.0550 | 0.1300 | COMPLIANT_CONVERGENCE_STEP | COMMIT_DERIVATIVE_WEIGHT_ADJUSTMENT | 200
NET-01881 | 1.1399 | -0.1480 | 0.2735 | COMPLIANT_CONVERGENCE_STEP | COMMIT_DERIVATIVE_WEIGHT_ADJUSTMENT | 200
NET-01882 | 1.5545 | 0.0170 | 0.0584 | COMPLIANT_CONVERGENCE_STEP | COMMIT_DERIVATIVE_WEIGHT_ADJUSTMENT | 200
NET-01883 | -0.6252 | -0.0269 | 0.0757 | COMPLIANT_CONVERGENCE_STEP | COMMIT_DERIVATIVE_WEIGHT_ADJUSTMENT | 200
NET-01884 | 2.4660 | 0.1739 | 0.6723 | COMPLIANT_CONVERGENCE_STEP | COMMIT_DERIVATIVE_WEIGHT_ADJUSTMENT | 200
NET-01885 | -3.2306 | 0.0618 | 0.3175 | COMPLIANT_CONVERGENCE_STEP | COMMIT_DERIVATIVE_WEIGHT_ADJUSTMENT | 200
NET-01886 | -1.5967 | 0.1050 | 0.3584 | COMPLIANT_CONVERGENCE_STEP | COMMIT_DERIVATIVE_WEIGHT_ADJUSTMENT | 200
NET-01887 | -4.2623 | -0.0685 | 0.4525 | COMPLIANT_CONVERGENCE_STEP | COMMIT_DERIVATIVE_WEIGHT_ADJUSTMENT | 200
NET-01888 | -1.9344 | -0.0882 | 0.2625 | COMPLIANT_CONVERGENCE_STEP | COMMIT_DERIVATIVE_WEIGHT_ADJUSTMENT | 200
NET-01889 | 0.9675 | 0.2316 | 0.4803 | COMPLIANT_CONVERGENCE_STEP | COMMIT_DERIVATIVE_WEIGHT_ADJUSTMENT | 200
NET-01890 | 3.2491 | -0.0093 | 0.0474 | COMPLIANT_CONVERGENCE_STEP | COMMIT_DERIVATIVE_WEIGHT_ADJUSTMENT | 200
NET-01891 | -3.1677 | -0.0673 | 0.3288 | COMPLIANT_CONVERGENCE_STEP | COMMIT_DERIVATIVE_WEIGHT_ADJUSTMENT | 200
NET-01892 | -0.6786 | 0.0312 | 0.0330 | COMPLIANT_CONVERGENCE_STEP | COMMIT_DERIVATIVE_WEIGHT_ADJUSTMENT | 200
NET-01893 | 1.2521 | -0.0534 | 0.1461 | COMPLIANT_CONVERGENCE_STEP | COMMIT_DERIVATIVE_WEIGHT_ADJUSTMENT | 200
NET-01894 | -1.5232 | -0.0114 | 0.0311 | COMPLIANT_CONVERGENCE_STEP | COMMIT_DERIVATIVE_WEIGHT_ADJUSTMENT | 200
NET-01895 | -0.3977 | -0.0216 | 0.0317 | COMPLIANT_CONVERGENCE_STEP | COMMIT_DERIVATIVE_WEIGHT_ADJUSTMENT | 200
NET-01896 | 0.3990 | 0.0660 | 0.1529 | COMPLIANT_CONVERGENCE_STEP | COMMIT_DERIVATIVE_WEIGHT_ADJUSTMENT | 200
NET-01897 | 1.7928 | 0.0871 | 0.2860 | COMPLIANT_CONVERGENCE_STEP | COMMIT_DERIVATIVE_WEIGHT_ADJUSTMENT | 200
NET-01898 | -2.8781 | 0.1712 | 0.7818 | COMPLIANT_CONVERGENCE_STEP | COMMIT_DERIVATIVE_WEIGHT_ADJUSTMENT | 200
NET-01899 | -0.9898 | -0.0641 | 0.0985 | COMPLIANT_CONVERGENCE_STEP | COMMIT_DERIVATIVE_WEIGHT_ADJUSTMENT | 200
NET-01900 | 0.6382 | 0.0364 | 0.0996 | COMPLIANT_CONVERGENCE_STEP | COMMIT_DERIVATIVE_WEIGHT_ADJUSTMENT | 200
NET-01901 | 0.5364 | 0.0050 | 0.0043 | COMPLIANT_CONVERGENCE_STEP | COMMIT_DERIVATIVE_WEIGHT_ADJUSTMENT | 200
NET-01902 | -2.5626 | 0.0614 | 0.2798 | COMPLIANT_CONVERGENCE_STEP | COMMIT_DERIVATIVE_WEIGHT_ADJUSTMENT | 200
NET-01903 | 0.2809 | 0.0737 | 0.1969 | COMPLIANT_CONVERGENCE_STEP | COMMIT_DERIVATIVE_WEIGHT_ADJUSTMENT | 200
NET-01904 | -1.9906 | -0.1034 | 0.4320 | COMPLIANT_CONVERGENCE_STEP | COMMIT_DERIVATIVE_WEIGHT_ADJUSTMENT | 200
NET-01905 | 0.4003 | 0.0609 | 0.1479 | COMPLIANT_CONVERGENCE_STEP | COMMIT_DERIVATIVE_WEIGHT_ADJUSTMENT | 200
NET-01906 | -1.7166 | 0.1515 | 0.4313 | COMPLIANT_CONVERGENCE_STEP | COMMIT_DERIVATIVE_WEIGHT_ADJUSTMENT | 200
NET-01907 | 2.6874 | -0.0903 | 0.3992 | COMPLIANT_CONVERGENCE_STEP | COMMIT_DERIVATIVE_WEIGHT_ADJUSTMENT | 200
NET-01908 | -0.1811 | 0.0188 | 0.0239 | COMPLIANT_CONVERGENCE_STEP | COMMIT_DERIVATIVE_WEIGHT_ADJUSTMENT | 200
NET-01909 | -1.2677 | 0.0013 | 0.0025 | COMPLIANT_CONVERGENCE_STEP | COMMIT_DERIVATIVE_WEIGHT_ADJUSTMENT | 200
NET-01910 | -1.5457 | -0.1591 | 0.5029 | COMPLIANT_CONVERGENCE_STEP | COMMIT_DERIVATIVE_WEIGHT_ADJUSTMENT | 200
NET-01911 | 0.2703 | -0.0356 | 0.0969 | COMPLIANT_CONVERGENCE_STEP | COMMIT_DERIVATIVE_WEIGHT_ADJUSTMENT | 200
NET-01912 | 2.9720 | -0.0465 | 0.2117 | COMPLIANT_CONVERGENCE_STEP | COMMIT_DERIVATIVE_WEIGHT_ADJUSTMENT | 200
NET-01913 | 4.5352 | 0.0955 | 0.6771 | COMPLIANT_CONVERGENCE_STEP | COMMIT_DERIVATIVE_WEIGHT_ADJUSTMENT | 200
NET-01914 | -2.3030 | 0.0398 | 0.1707 | COMPLIANT_CONVERGENCE_STEP | COMMIT_DERIVATIVE_WEIGHT_ADJUSTMENT | 200
NET-01915 | -1.7926 | -0.0548 | 0.2044 | COMPLIANT_CONVERGENCE_STEP | COMMIT_DERIVATIVE_WEIGHT_ADJUSTMENT | 200
NET-01916 | 1.6484 | 0.1360 | 0.3446 | COMPLIANT_CONVERGENCE_STEP | COMMIT_DERIVATIVE_WEIGHT_ADJUSTMENT | 200
NET-01917 | 1.5860 | -0.0205 | 0.0716 | COMPLIANT_CONVERGENCE_STEP | COMMIT_DERIVATIVE_WEIGHT_ADJUSTMENT | 200
NET-01918 | 1.0272 | -0.0346 | 0.0593 | COMPLIANT_CONVERGENCE_STEP | COMMIT_DERIVATIVE_WEIGHT_ADJUSTMENT | 200
NET-01919 | -1.1875 | 0.0067 | 0.0130 | COMPLIANT_CONVERGENCE_STEP | COMMIT_DERIVATIVE_WEIGHT_ADJUSTMENT | 200
NET-01920 | -1.4893 | -0.0914 | 0.2517 | COMPLIANT_CONVERGENCE_STEP | COMMIT_DERIVATIVE_WEIGHT_ADJUSTMENT | 200
NET-01921 | -0.2521 | -0.0297 | 0.0757 | COMPLIANT_CONVERGENCE_STEP | COMMIT_DERIVATIVE_WEIGHT_ADJUSTMENT | 200
NET-01922 | -2.6295 | -0.1160 | 0.5336 | COMPLIANT_CONVERGENCE_STEP | COMMIT_DERIVATIVE_WEIGHT_ADJUSTMENT | 200
NET-01923 | -0.1881 | 0.1003 | 0.1630 | COMPLIANT_CONVERGENCE_STEP | COMMIT_DERIVATIVE_WEIGHT_ADJUSTMENT | 200
NET-01924 | -0.1093 | -0.0048 | 0.0068 | COMPLIANT_CONVERGENCE_STEP | COMMIT_DERIVATIVE_WEIGHT_ADJUSTMENT | 200
NET-01925 | 0.2348 | 0.0303 | 0.0918 | COMPLIANT_CONVERGENCE_STEP | COMMIT_DERIVATIVE_WEIGHT_ADJUSTMENT | 200
NET-01926 | -0.8916 | 0.1399 | 0.5210 | COMPLIANT_CONVERGENCE_STEP | COMMIT_DERIVATIVE_WEIGHT_ADJUSTMENT | 200
NET-01927 | 0.2034 | -0.0901 | 0.0756 | COMPLIANT_CONVERGENCE_STEP | COMMIT_DERIVATIVE_WEIGHT_ADJUSTMENT | 200
NET-01928 | -0.6122 | -0.2201 | 0.2808 | COMPLIANT_CONVERGENCE_STEP | COMMIT_DERIVATIVE_WEIGHT_ADJUSTMENT | 200
NET-01929 | 0.2649 | 0.0144 | 0.0200 | COMPLIANT_CONVERGENCE_STEP | COMMIT_DERIVATIVE_WEIGHT_ADJUSTMENT | 200
NET-01930 | -1.3836 | -0.0380 | 0.1482 | COMPLIANT_CONVERGENCE_STEP | COMMIT_DERIVATIVE_WEIGHT_ADJUSTMENT | 200
NET-01931 | -0.8960 | 0.0190 | 0.0544 | COMPLIANT_CONVERGENCE_STEP | COMMIT_DERIVATIVE_WEIGHT_ADJUSTMENT | 200
NET-01932 | 1.3494 | 0.0316 | 0.0851 | COMPLIANT_CONVERGENCE_STEP | COMMIT_DERIVATIVE_WEIGHT_ADJUSTMENT | 200
NET-01933 | -0.0262 | 0.1847 | 0.1248 | COMPLIANT_CONVERGENCE_STEP | COMMIT_DERIVATIVE_WEIGHT_ADJUSTMENT | 200
NET-01934 | 1.4684 | 0.0307 | 0.0810 | COMPLIANT_CONVERGENCE_STEP | COMMIT_DERIVATIVE_WEIGHT_ADJUSTMENT | 200
NET-01935 | 1.6390 | 0.1024 | 0.2668 | COMPLIANT_CONVERGENCE_STEP | COMMIT_DERIVATIVE_WEIGHT_ADJUSTMENT | 200
NET-01936 | 1.6593 | -0.1923 | 0.5492 | COMPLIANT_CONVERGENCE_STEP | COMMIT_DERIVATIVE_WEIGHT_ADJUSTMENT | 200
NET-01937 | -1.0939 | 0.0337 | 0.0699 | COMPLIANT_CONVERGENCE_STEP | COMMIT_DERIVATIVE_WEIGHT_ADJUSTMENT | 200
NET-01938 | 2.9792 | -0.0237 | 0.1119 | COMPLIANT_CONVERGENCE_STEP | COMMIT_DERIVATIVE_WEIGHT_ADJUSTMENT | 200
NET-01939 | 1.0010 | -0.1305 | 0.3179 | COMPLIANT_CONVERGENCE_STEP | COMMIT_DERIVATIVE_WEIGHT_ADJUSTMENT | 200
NET-01940 | -2.2329 | 0.1549 | 0.6057 | COMPLIANT_CONVERGENCE_STEP | COMMIT_DERIVATIVE_WEIGHT_ADJUSTMENT | 200
NET-01941 | -3.4319 | 0.1168 | 0.6171 | COMPLIANT_CONVERGENCE_STEP | COMMIT_DERIVATIVE_WEIGHT_ADJUSTMENT | 200
NET-01942 | -2.2568 | 0.0044 | 0.0173 | COMPLIANT_CONVERGENCE_STEP | COMMIT_DERIVATIVE_WEIGHT_ADJUSTMENT | 200
NET-01943 | 2.9935 | -0.1496 | 0.7315 | COMPLIANT_CONVERGENCE_STEP | COMMIT_DERIVATIVE_WEIGHT_ADJUSTMENT | 200
NET-01944 | 1.5902 | -0.0481 | 0.1167 | COMPLIANT_CONVERGENCE_STEP | COMMIT_DERIVATIVE_WEIGHT_ADJUSTMENT | 200
NET-01945 | 3.0064 | -0.0293 | 0.1420 | COMPLIANT_CONVERGENCE_STEP | COMMIT_DERIVATIVE_WEIGHT_ADJUSTMENT | 200
NET-01946 | 1.6343 | -0.0240 | 0.0893 | COMPLIANT_CONVERGENCE_STEP | COMMIT_DERIVATIVE_WEIGHT_ADJUSTMENT | 200
NET-01947 | -0.8723 | -0.0361 | 0.0558 | COMPLIANT_CONVERGENCE_STEP | COMMIT_DERIVATIVE_WEIGHT_ADJUSTMENT | 200
NET-01948 | -2.4398 | -0.0169 | 0.0636 | COMPLIANT_CONVERGENCE_STEP | COMMIT_DERIVATIVE_WEIGHT_ADJUSTMENT | 200
NET-01949 | 0.0276 | 0.0831 | 0.1601 | COMPLIANT_CONVERGENCE_STEP | COMMIT_DERIVATIVE_WEIGHT_ADJUSTMENT | 200
NET-01950 | 0.4401 | -0.0204 | 0.0353 | COMPLIANT_CONVERGENCE_STEP | COMMIT_DERIVATIVE_WEIGHT_ADJUSTMENT | 200
NET-01951 | -0.9569 | 0.0947 | 0.3620 | COMPLIANT_CONVERGENCE_STEP | COMMIT_DERIVATIVE_WEIGHT_ADJUSTMENT | 200
NET-01952 | -2.7368 | 0.0032 | 0.0141 | COMPLIANT_CONVERGENCE_STEP | COMMIT_DERIVATIVE_WEIGHT_ADJUSTMENT | 200
NET-01953 | -0.9046 | 0.0731 | 0.2255 | COMPLIANT_CONVERGENCE_STEP | COMMIT_DERIVATIVE_WEIGHT_ADJUSTMENT | 200
NET-01954 | 2.5822 | -0.2522 | 1.0636 | COMPLIANT_CONVERGENCE_STEP | COMMIT_DERIVATIVE_WEIGHT_ADJUSTMENT | 200
NET-01955 | 3.9318 | 0.0864 | 0.5134 | COMPLIANT_CONVERGENCE_STEP | COMMIT_DERIVATIVE_WEIGHT_ADJUSTMENT | 200
NET-01956 | 1.4602 | 0.1809 | 0.7271 | COMPLIANT_CONVERGENCE_STEP | COMMIT_DERIVATIVE_WEIGHT_ADJUSTMENT | 200
NET-01957 | -0.4942 | 0.0285 | 0.0735 | COMPLIANT_CONVERGENCE_STEP | COMMIT_DERIVATIVE_WEIGHT_ADJUSTMENT | 200
NET-01958 | -0.2187 | -0.0553 | 0.0400 | COMPLIANT_CONVERGENCE_STEP | COMMIT_DERIVATIVE_WEIGHT_ADJUSTMENT | 200
NET-01959 | 2.2748 | -0.1477 | 0.6135 | COMPLIANT_CONVERGENCE_STEP | COMMIT_DERIVATIVE_WEIGHT_ADJUSTMENT | 200
NET-01960 | 3.2458 | 0.1169 | 0.6174 | COMPLIANT_CONVERGENCE_STEP | COMMIT_DERIVATIVE_WEIGHT_ADJUSTMENT | 200
NET-01961 | -2.5318 | 0.1531 | 0.6053 | COMPLIANT_CONVERGENCE_STEP | COMMIT_DERIVATIVE_WEIGHT_ADJUSTMENT | 200
NET-01962 | -0.2045 | -0.0884 | 0.0749 | COMPLIANT_CONVERGENCE_STEP | COMMIT_DERIVATIVE_WEIGHT_ADJUSTMENT | 200
NET-01963 | 3.5751 | 0.1660 | 0.9526 | COMPLIANT_CONVERGENCE_STEP | COMMIT_DERIVATIVE_WEIGHT_ADJUSTMENT | 200
NET-01964 | -0.9718 | 0.0352 | 0.0524 | COMPLIANT_CONVERGENCE_STEP | COMMIT_DERIVATIVE_WEIGHT_ADJUSTMENT | 200
NET-01965 | 1.9792 | 0.0099 | 0.0399 | COMPLIANT_CONVERGENCE_STEP | COMMIT_DERIVATIVE_WEIGHT_ADJUSTMENT | 200
NET-01966 | -0.3884 | 0.0115 | 0.0205 | COMPLIANT_CONVERGENCE_STEP | COMMIT_DERIVATIVE_WEIGHT_ADJUSTMENT | 200
NET-01967 | -1.2954 | -0.0906 | 0.2588 | COMPLIANT_CONVERGENCE_STEP | COMMIT_DERIVATIVE_WEIGHT_ADJUSTMENT | 200
NET-01968 | 0.6370 | 0.0608 | 0.1766 | COMPLIANT_CONVERGENCE_STEP | COMMIT_DERIVATIVE_WEIGHT_ADJUSTMENT | 200
NET-01969 | -1.2851 | 0.0179 | 0.0351 | COMPLIANT_CONVERGENCE_STEP | COMMIT_DERIVATIVE_WEIGHT_ADJUSTMENT | 200
NET-01970 | -2.5398 | -0.0230 | 0.1016 | COMPLIANT_CONVERGENCE_STEP | COMMIT_DERIVATIVE_WEIGHT_ADJUSTMENT | 200
NET-01971 | -4.3978 | -0.0417 | 0.2859 | COMPLIANT_CONVERGENCE_STEP | COMMIT_DERIVATIVE_WEIGHT_ADJUSTMENT | 200
NET-01972 | 1.8366 | -0.0220 | 0.0687 | COMPLIANT_CONVERGENCE_STEP | COMMIT_DERIVATIVE_WEIGHT_ADJUSTMENT | 200
NET-01973 | -0.6482 | -0.0494 | 0.1027 | COMPLIANT_CONVERGENCE_STEP | COMMIT_DERIVATIVE_WEIGHT_ADJUSTMENT | 200
NET-01974 | -0.5612 | -0.0839 | 0.1238 | COMPLIANT_CONVERGENCE_STEP | COMMIT_DERIVATIVE_WEIGHT_ADJUSTMENT | 200
NET-01975 | -0.4810 | -0.0439 | 0.0819 | COMPLIANT_CONVERGENCE_STEP | COMMIT_DERIVATIVE_WEIGHT_ADJUSTMENT | 200
NET-01976 | 1.3523 | -0.0435 | 0.1768 | COMPLIANT_CONVERGENCE_STEP | COMMIT_DERIVATIVE_WEIGHT_ADJUSTMENT | 200
NET-01977 | -1.0453 | 0.1562 | 0.3388 | COMPLIANT_CONVERGENCE_STEP | COMMIT_DERIVATIVE_WEIGHT_ADJUSTMENT | 200
NET-01978 | -0.5836 | -0.0070 | 0.0062 | COMPLIANT_CONVERGENCE_STEP | COMMIT_DERIVATIVE_WEIGHT_ADJUSTMENT | 200
NET-01979 | 3.6435 | -0.0790 | 0.4584 | COMPLIANT_CONVERGENCE_STEP | COMMIT_DERIVATIVE_WEIGHT_ADJUSTMENT | 200
NET-01980 | 2.2914 | -0.0695 | 0.2479 | COMPLIANT_CONVERGENCE_STEP | COMMIT_DERIVATIVE_WEIGHT_ADJUSTMENT | 200
NET-01981 | -2.9548 | 0.0613 | 0.2841 | COMPLIANT_CONVERGENCE_STEP | COMMIT_DERIVATIVE_WEIGHT_ADJUSTMENT | 200
NET-01982 | 0.8533 | 0.0815 | 0.2311 | COMPLIANT_CONVERGENCE_STEP | COMMIT_DERIVATIVE_WEIGHT_ADJUSTMENT | 200
NET-01983 | 0.6297 | 0.0558 | 0.1060 | COMPLIANT_CONVERGENCE_STEP | COMMIT_DERIVATIVE_WEIGHT_ADJUSTMENT | 200
NET-01984 | 0.7708 | -0.0572 | 0.1136 | COMPLIANT_CONVERGENCE_STEP | COMMIT_DERIVATIVE_WEIGHT_ADJUSTMENT | 200
NET-01985 | -3.2385 | -0.1274 | 0.6365 | COMPLIANT_CONVERGENCE_STEP | COMMIT_DERIVATIVE_WEIGHT_ADJUSTMENT | 200
NET-01986 | -3.8828 | 0.0516 | 0.3141 | COMPLIANT_CONVERGENCE_STEP | COMMIT_DERIVATIVE_WEIGHT_ADJUSTMENT | 200
NET-01987 | 2.6665 | -0.0868 | 0.3849 | COMPLIANT_CONVERGENCE_STEP | COMMIT_DERIVATIVE_WEIGHT_ADJUSTMENT | 200
NET-01988 | 0.1396 | -0.0113 | 0.0041 | COMPLIANT_CONVERGENCE_STEP | COMMIT_DERIVATIVE_WEIGHT_ADJUSTMENT | 200
NET-01989 | 0.1422 | 0.0134 | 0.0132 | COMPLIANT_CONVERGENCE_STEP | COMMIT_DERIVATIVE_WEIGHT_ADJUSTMENT | 200
NET-01990 | 0.1934 | 0.0237 | 0.0558 | COMPLIANT_CONVERGENCE_STEP | COMMIT_DERIVATIVE_WEIGHT_ADJUSTMENT | 200
NET-01991 | 2.9498 | -0.0506 | 0.2434 | COMPLIANT_CONVERGENCE_STEP | COMMIT_DERIVATIVE_WEIGHT_ADJUSTMENT | 200
NET-01992 | -1.1353 | -0.0457 | 0.1412 | COMPLIANT_CONVERGENCE_STEP | COMMIT_DERIVATIVE_WEIGHT_ADJUSTMENT | 200
NET-01993 | -0.1432 | -0.2242 | 0.3251 | COMPLIANT_CONVERGENCE_STEP | COMMIT_DERIVATIVE_WEIGHT_ADJUSTMENT | 200
NET-01994 | -0.7771 | 0.0601 | 0.2065 | COMPLIANT_CONVERGENCE_STEP | COMMIT_DERIVATIVE_WEIGHT_ADJUSTMENT | 200
NET-01995 | 1.5488 | -0.0352 | 0.0875 | COMPLIANT_CONVERGENCE_STEP | COMMIT_DERIVATIVE_WEIGHT_ADJUSTMENT | 200
NET-01996 | 1.1412 | 0.0671 | 0.1168 | COMPLIANT_CONVERGENCE_STEP | COMMIT_DERIVATIVE_WEIGHT_ADJUSTMENT | 200
NET-01997 | 3.3049 | 0.1222 | 0.6165 | COMPLIANT_CONVERGENCE_STEP | COMMIT_DERIVATIVE_WEIGHT_ADJUSTMENT | 200
NET-01998 | -2.2713 | -0.0213 | 0.0854 | COMPLIANT_CONVERGENCE_STEP | COMMIT_DERIVATIVE_WEIGHT_ADJUSTMENT | 200
NET-01999 | -2.7667 | -0.0270 | 0.1191 | COMPLIANT_CONVERGENCE_STEP | COMMIT_DERIVATIVE_WEIGHT_ADJUSTMENT | 200
NET-02000 | -0.2444 | -0.3129 | 0.6716 | COMPLIANT_CONVERGENCE_STEP | COMMIT_DERIVATIVE_WEIGHT_ADJUSTMENT | 200
